periode;variable_avec_unite;Total branches;Marchand non agricole;Industrie;Manuf;Services;Serv. pplt marchands;Serv. pplt non-marchands;Agriculture;Energie, eau, dechets;Industries agro-alimentaires;Cokefaction et raffinage;Biens d'equipement;Materiels de transport;Autres branches industrielles;Construction;Commerce;Transport;Hebergement-restauration;Information-communication;Services financiers;Services immobiliers;Services aux entreprises;Services non marchands;Services aux menages
2018T1;Autres impots divers sur la production :  valeurs aux prix courants  (donnees CVS-CJO), milliards d'euros;17,7;16,5;2,6;1,9;14,7;13,4;0,8;0,4;0,7;0,4;0,1;0,2;0,2;1;0,6;1,6;1,1;0,3;0,5;1,2;7,1;1,2;0,8;0,2
2018T1;Consommation intermediaire des branches :  valeurs aux prix courants  (donnees CVS-CJO), milliards d'euros;512,7;462,1;166,4;138,2;333,2;251,7;37,5;13,1;28,2;29,7;ns;13,6;27,6;58,6;44;55,7;29,8;13,8;24,4;36,1;13,9;67,8;37,5;10,4
2018T1;Consommation intermediaire des branches :  volumes aux prix de l'annee precedente chaines (donnees CVS-CJO), base 2014, milliards d'euros;514,3;464,1;169,3;140,5;331,9;251,7;37,1;13,2;28,7;30;11;13,7;26,2;58,8;43,2;55,7;30,1;13,2;24,3;34,6;16,7;66,8;37,1;10,2
2018T1;Cotisations sociales employeurs versees :  valeurs aux prix courants  (donnees CVS-CJO), milliards d'euros;67,1;49,5;10,2;8,6;56,2;35,7;16,9;0,7;1,6;1,4;0,1;1,2;1;4,9;3,6;7,8;3,7;1,5;4,1;3,8;0,9;11,2;16,9;2,6
2018T1;Cotisations sociales imputees :  valeurs aux prix courants  (donnees CVS-CJO), milliards d'euros;14,3;3,7;1,4;0,8;13;2,2;10,6;0;0,5;0,1;0;0,1;0,1;0,5;0,1;0,4;0,6;0;0,2;0,2;0;0,6;10,6;0,1
2018T1;Duree effective de travail des salaries : heures par trimestre par emploi;351,4;367,6;378,2;378,4;348,3;363,1;316,5;334,9;376;362,5;362,2;388,4;387,6;381,7;388,9;363;371;350,8;393,7;384,7;369,4;373,8;316,5;299,1
2018T1;Duree effective de travail totale (y compris non salaries) : heures par trimestre par emploi;376,2;389,8;390,3;391,4;369;385,1;329,1;556,4;381,4;390,4;362,2;391,7;389;392,3;428,2;387;382,6;405,2;409,6;390,9;385,6;385,7;329,1;346,3
2018T1;Emploi non salarie (equivalent temps plein) : milliers d'emplois;3039,1;2015,7;151,3;143,1;2418,6;1490,5;554,2;469,2;8,2;49,9;0;4,9;1,4;87;373,9;463,4;75,1;209,4;78,5;36,1;45;392;554,2;191
2018T1;Emploi non salarie (personnes physiques) : milliers d'emplois;2891,6;1925,1;146,1;138,4;2341,6;1458,4;562,6;403,9;7,7;44,7;0;4,6;1,3;87,8;320,6;450,9;70,3;189,2;68;35,5;44,8;403,3;562,6;196,5
2018T1;Emploi salarie (equivalent temps plein) : milliers d'emplois;23402,9;15902,4;2620,3;2330;20462,1;11920,1;7180;320,5;290,2;542,4;8,5;294,1;181,7;1303,4;1362;3048,8;1257,8;904,4;777;729,2;315,3;3738,5;7180;1149,3
2018T1;Emploi salarie (personnes physiques) : milliers d'emplois;25195,2;17058;2718;2419,4;22129,1;12929,8;7789,2;348,1;298,7;573,3;8,7;302,6;186,8;1348;1410,1;3329,6;1327,6;1061,3;810,9;750;335,9;4012,9;7789,2;1301,6
2018T1;Emploi total (equivalent temps plein) : milliers d'emplois;26442;17918,1;2771,6;2473,2;22880,7;13410,6;7734,2;789,7;298,4;592,2;8,5;299,1;183;1390,4;1735,9;3512,1;1332,9;1113,8;855,5;765,2;360,3;4130,5;7734,2;1340,3
2018T1;Emploi total (personnes physiques) : milliers d'emplois;28086,9;18983,1;2864,1;2557,7;24470,7;14388,3;8351,8;752;306,4;618;8,7;307,2;188,1;1435,8;1730,7;3780,6;1397,9;1250,5;878,8;785,5;380,7;4416,2;8351,8;1498,1
2018T1;Excedent brut d'exploitation :  valeurs aux prix courants  (donnees CVS-CJO), milliards d'euros;200,3;164,6;27,9;20,8;163,5;126,3;26,8;8,9;7,1;4,3;ns;2,6;3,5;10,3;10,4;17,1;7,5;4,5;10,9;5,2;56;20,9;26,8;4,2
2018T1;impots sur la main d'euvre :  valeurs aux prix courants  (donnees CVS-CJO), milliards d'euros;9;6,6;1;0,9;8;5,1;2,4;0;0,1;0,2;0;0,1;0,1;0,5;0,5;1;0,4;0,2;0,4;1,3;0,1;1,4;2,4;0,3
2018T1;impots sur la production :  valeurs aux prix courants  (donnees CVS-CJO), milliards d'euros;26,7;23,1;3,6;2,8;22,7;18,5;3,2;0,4;0,8;0,6;0,1;0,3;0,3;1,5;1;2,6;1,5;0,5;0,9;2,5;7,2;2,7;3,2;0,5
2018T1;Masse salariale versee :  valeurs aux prix courants  (donnees CVS-CJO), milliards d'euros;223,9;162,1;29;25,8;193,2;118,9;60,1;1,7;3,2;4,9;0,1;3,5;2,8;14,5;14,3;27,4;11,1;7,9;11,9;9,4;3,1;39;60,1;8,9
2018T1;Production branche :  valeurs aux prix courants  (donnees CVS-CJO), milliards d'euros;1032,6;856,4;237,3;196,1;772,6;546,3;153,5;22,7;41,2;40,7;9;21,2;35,3;89,8;72,8;109,4;53,4;27,9;52;56,9;80,8;140,3;153,5;25,6
2018T1;Production branche :  volumes aux prix de l'annee precedente chaines (donnees CVS-CJO), base 2014, milliards d'euros;1021,9;850,4;239,1;198,2;761,3;540,2;150,1;21,5;40,9;41,4;11,8;21,2;33,6;89,4;71,1;110,6;51,8;26,3;52;57,4;79,6;137,5;150,1;25,1
2018T1;Remunerations  :  valeurs aux prix courants  (donnees CVS-CJO), milliards d'euros;305,3;215,3;40,5;35,2;262,4;156,7;87,6;2,4;5,3;6,4;0,2;4,8;3,9;19,8;18,1;35,6;15,4;9,4;16,3;13,5;4,1;50,9;87,6;11,6
2018T1;Subventions d'exploitations :  valeurs aux prix courants  (donnees CVS-CJO), milliards d'euros;-12,3;-8,7;-1,1;-0,9;-9,1;-7;-1,5;-2,1;-0,2;-0,2;0;-0,1;-0,1;-0,5;-0,6;-1,5;-0,8;-0,3;-0,5;-0,4;-0,4;-1,9;-1,5;-1,2
2018T1;Valeur ajoutee brute des branches :  valeurs aux prix courants  (donnees CVS-CJO), milliards d'euros;520;394,3;70,9;57,9;439,5;294,6;116,1;9,6;13;11,1;ns;7,6;7,7;31,2;28,8;53,7;23,6;14,1;27,6;20,9;66,9;72,5;116,1;15,1
2018T1;Valeur ajoutee brute des branches :  volumes aux prix de l'annee precedente chaines (donnees CVS-CJO), base 2014, milliards d'euros;507,8;386,5;70;57,7;429,5;288,6;113;8,3;12,3;11,4;0,8;7,5;7,4;30,6;27,9;54,9;21,8;13,1;27,7;22,8;63,1;70,7;113;14,8
2018T1;Volume horaire de travail (VHT) de l'ensemble des emplois (salaries ou non) : millions d'heures;10565,8;7399,3;1117,9;1001,1;9029,5;5540,2;2748,1;418,4;116,8;241,3;3,2;120,3;73,2;563,2;741,1;1462,9;534,8;506,7;360;307;146,8;1703,4;2748,1;518,8
2018T1;Volume horaire de travail (VHT) des salaries : millions d'heures;8852,5;6270,6;1027,8;915,5;7708,2;4694,4;2465,3;116,6;112,3;207,8;3,2;117,5;72,4;514,5;548,5;1208,5;492,5;372,3;319,2;288,5;124,1;1500,1;2465,3;389,3
2018T2;Autres impots divers sur la production :  valeurs aux prix courants  (donnees CVS-CJO), milliards d'euros;18;16,8;2,7;1,9;15;13,6;0,8;0,4;0,7;0,4;0,1;0,2;0,2;1;0,6;1,6;1,1;0,3;0,5;1,3;7,2;1,3;0,8;0,2
2018T2;Consommation intermediaire des branches :  valeurs aux prix courants  (donnees CVS-CJO), milliards d'euros;518,1;467;167,8;139,6;337;254,5;37,9;13,2;28,3;29,3;ns;13,5;28,1;60;44,7;56,3;30,2;14;24,7;35,9;13,9;69;37,9;10,4
2018T2;Consommation intermediaire des branches :  volumes aux prix de l'annee precedente chaines (donnees CVS-CJO), base 2014, milliards d'euros;516;465,6;168,5;140,5;334,3;253,3;37,3;13,1;28;29,7;9,8;13,6;26,6;59,6;43,7;56,1;30,1;13,4;24,6;34,4;16,8;67,8;37,3;10,2
2018T2;Cotisations sociales employeurs versees :  valeurs aux prix courants  (donnees CVS-CJO), milliards d'euros;67,6;50;10,3;8,7;56,6;36,1;16,8;0,8;1,5;1,4;0,1;1,2;1;4,9;3,7;7,9;3,7;1,6;4,2;3,8;0,9;11,4;16,8;2,6
2018T2;Cotisations sociales imputees :  valeurs aux prix courants  (donnees CVS-CJO), milliards d'euros;14,4;3,7;1,4;0,8;13,1;2,2;10,7;0;0,5;0,1;0;0,1;0,1;0,5;0,1;0,4;0,6;0;0,2;0,2;0;0,6;10,7;0,1
2018T2;Duree effective de travail des salaries : heures par trimestre par emploi;352;368,2;378,8;379,1;349;363,6;317,3;332,8;375,7;363,3;362,1;389,4;387,7;382,3;390,1;363,4;369,1;351,5;395,1;385,1;368,4;375,1;317,3;299,5
2018T2;Duree effective de travail totale (y compris non salaries) : heures par trimestre par emploi;376,8;390,3;390,9;392;369,7;385,5;329,9;555,2;381;391,4;362,1;392,7;389,1;392,7;429,2;387,4;380,8;404,9;411;391,2;384,1;387,1;329,9;346,6
2018T2;Emploi non salarie (equivalent temps plein) : milliers d'emplois;3053,2;2027,3;151;142,8;2435;1501,2;558,7;467,2;8,2;50;0;4,9;1,4;86,6;375,1;464,2;76,5;209,8;79,4;36,4;45,3;397,5;558,7;192,2
2018T2;Emploi non salarie (personnes physiques) : milliers d'emplois;2904,3;1936,2;146,3;138,5;2356,4;1468,8;566,5;401,7;7,7;44,6;0;4,6;1,3;88,1;321,1;450,9;72,2;189,4;68,8;35,9;45,4;408;566,5;198,4
2018T2;Emploi salarie (equivalent temps plein) : milliers d'emplois;23431,9;15947,3;2622,4;2331,7;20486,8;11955,2;7161,9;322,7;290,7;540,5;8,6;295,4;182,1;1305,2;1369,7;3052,1;1262,2;914,1;785,5;729,6;315,9;3742,5;7161,9;1153,4
2018T2;Emploi salarie (personnes physiques) : milliers d'emplois;25225,7;17090,9;2719,1;2419,9;22154,3;12955,1;7782,5;352,4;299,2;570,7;8,8;303,7;187,3;1349,5;1416,7;3331,2;1332,7;1070,3;819,1;750,5;336,3;4010,7;7782,5;1304,4
2018T2;Emploi total (equivalent temps plein) : milliers d'emplois;26485,1;17974,6;2773,4;2474,5;22921,8;13456,5;7720,6;789,9;298,9;590,5;8,6;300,3;183,4;1391,7;1744,7;3516,3;1338,6;1123,9;864,9;766,1;361,2;4139,9;7720,6;1345,6
2018T2;Emploi total (personnes physiques) : milliers d'emplois;28130,1;19027;2865,3;2558,4;24510,7;14423,9;8349;754;306,9;615,3;8,8;308,3;188,6;1437,5;1737,8;3782,1;1404,9;1259,7;887,9;786,4;381,7;4418,6;8349;1502,8
2018T2;Excedent brut d'exploitation :  valeurs aux prix courants  (donnees CVS-CJO), milliards d'euros;201;165,1;28,4;21,4;163,8;126,3;27,1;8,8;7,1;4,2;ns;2,6;3,9;10,5;10,4;17,3;6,7;4,6;11;5,8;56,2;20,6;27,1;4,1
2018T2;impots sur la main d'euvre :  valeurs aux prix courants  (donnees CVS-CJO), milliards d'euros;9,1;6,7;1;0,9;8,1;5,2;2,4;0;0,1;0,2;0;0,1;0,1;0,5;0,5;1;0,4;0,2;0,4;1,3;0,1;1,5;2,4;0,3
2018T2;impots sur la production :  valeurs aux prix courants  (donnees CVS-CJO), milliards d'euros;27,1;23,5;3,7;2,8;23,1;18,8;3,2;0,4;0,8;0,6;0,1;0,4;0,3;1,5;1;2,6;1,5;0,6;1;2,6;7,3;2,7;3,2;0,5
2018T2;Masse salariale versee :  valeurs aux prix courants  (donnees CVS-CJO), milliards d'euros;225,1;163,2;29,1;25,9;194,3;119,6;60,2;1,7;3,2;4,9;0,1;3,5;2,8;14,6;14,5;27,6;11,2;7,9;12,1;9,4;3,2;39,2;60,2;9
2018T2;Production branche :  valeurs aux prix courants  (donnees CVS-CJO), milliards d'euros;1041;863,8;239,6;198,3;778,7;550,4;154,4;22,8;41,2;40,4;9,1;21,2;36,2;91,5;73,9;110,5;53,2;28,4;52,8;57,4;81,2;141,7;154,4;25,4
2018T2;Production branche :  volumes aux prix de l'annee precedente chaines (donnees CVS-CJO), base 2014, milliards d'euros;1025,5;853,5;238,9;198,9;765,2;543;150,6;21,5;40;41;10,7;21,1;34,3;90,7;71,6;111,2;51,2;26,5;52,7;57,6;80;138,9;150,6;25
2018T2;Remunerations  :  valeurs aux prix courants  (donnees CVS-CJO), milliards d'euros;307,1;216,9;40,7;35,5;263,9;157,9;87,7;2,5;5,2;6,5;0,2;4,8;3,9;20;18,3;35,8;15,5;9,5;16,5;13,5;4,1;51,2;87,7;11,7
2018T2;Subventions d'exploitations :  valeurs aux prix courants  (donnees CVS-CJO), milliards d'euros;-12,3;-8,8;-1,1;-0,9;-9,1;-7;-1,4;-2,1;-0,2;-0,2;0;-0,1;-0,1;-0,5;-0,6;-1,4;-0,8;-0,3;-0,5;-0,4;-0,4;-1,9;-1,4;-1,3
2018T2;Valeur ajoutee brute des branches :  valeurs aux prix courants  (donnees CVS-CJO), milliards d'euros;523;396,8;71,7;58,8;441,7;296;116,6;9,6;12,9;11;ns;7,7;8;31,5;29,1;54,2;23;14,4;28;21,5;67,3;72,7;116,6;14,9
2018T2;Valeur ajoutee brute des branches :  volumes aux prix de l'annee precedente chaines (donnees CVS-CJO), base 2014, milliards d'euros;509,8;388,2;70,5;58,4;431;289,7;113,3;8,3;12,1;11,3;0,7;7,5;7,7;31,1;27,9;55,1;21,2;13,1;28;23,3;63,3;71,1;113,3;14,8
2018T2;Volume horaire de travail (VHT) de l'ensemble des emplois (salaries ou non) : millions d'heures;10598,9;7426,1;1120;1003;9060,3;5560,3;2754,2;418,6;116,9;240,8;3,2;121;73,4;564,6;745,8;1465,1;535;510,1;364,9;307,6;146,6;1710,2;2754,2;520,9
2018T2;Volume horaire de travail (VHT) des salaries : millions d'heures;8879;6292,6;1029,7;917,3;7732;4710,2;2469,1;117,3;112,4;207,3;3,2;118,3;72,6;516;552,7;1210,6;491,9;376,2;323,6;289;123,9;1504,4;2469,1;390,6
2018T3;Autres impots divers sur la production :  valeurs aux prix courants  (donnees CVS-CJO), milliards d'euros;18,3;17,1;2,7;2;15,2;13,8;0,8;0,4;0,7;0,4;0,1;0,2;0,2;1;0,6;1,7;1,2;0,3;0,5;1,3;7,3;1,3;0,8;0,2
2018T3;Consommation intermediaire des branches :  valeurs aux prix courants  (donnees CVS-CJO), milliards d'euros;526;474,8;170,9;141,1;341,9;258,2;38;13,2;29,8;28,9;ns;13,7;28;60,3;45,7;56,6;31,2;14,2;25,3;36,1;14;70,3;38;10,5
2018T3;Consommation intermediaire des branches :  volumes aux prix de l'annee precedente chaines (donnees CVS-CJO), base 2014, milliards d'euros;519,6;469,2;168,9;140,5;337,4;255,8;37,3;13,1;28,4;29,4;10,9;13,7;26,4;59,3;44,3;56,2;30,7;13,6;25,1;34,4;16,9;68,8;37,3;10,2
2018T3;Cotisations sociales employeurs versees :  valeurs aux prix courants  (donnees CVS-CJO), milliards d'euros;67,9;50,3;10,3;8,7;56,8;36,3;16,8;0,8;1,6;1,4;0,1;1,2;1;4,9;3,7;7,8;3,7;1,6;4,3;3,9;0,9;11,5;16,8;2,6
2018T3;Cotisations sociales imputees :  valeurs aux prix courants  (donnees CVS-CJO), milliards d'euros;14,5;3,7;1,4;0,8;13,1;2,3;10,7;0;0,5;0,1;0;0,1;0,1;0,5;0,1;0,4;0,6;0;0,2;0,3;0;0,6;10,7;0,1
2018T3;Duree effective de travail des salaries : heures par trimestre par emploi;353,1;369,2;379,3;379,7;350,2;364,7;318,7;330,8;375,1;363,8;360,7;390,3;388,4;383;391;363,8;370,8;353,6;396,2;385,8;370,1;376,3;318,7;299,9
2018T3;Duree effective de travail totale (y compris non salaries) : heures par trimestre par emploi;377,8;391,2;391,3;392,5;370,9;386,5;331,4;553,4;380,5;391,7;360,7;393,5;389,8;393,3;430;387,8;382,7;406,9;412;391,8;385,3;388,2;331,4;346,8
2018T3;Emploi non salarie (equivalent temps plein) : milliers d'emplois;3072,7;2044,9;151,1;142,8;2456,8;1517,1;562,9;464,9;8,3;50,1;0;4,9;1,4;86,5;376,8;467,4;77,9;211,4;80,6;36,8;45,7;403,4;562,9;193,9
2018T3;Emploi non salarie (personnes physiques) : milliers d'emplois;2924,6;1954,1;146,9;139,1;2378,1;1485;570,9;399,6;7,8;44,7;0;4,6;1,3;88,6;322,2;453,4;73,9;190,6;69,8;36,4;46,1;413,9;570,9;201,1
2018T3;Emploi salarie (equivalent temps plein) : milliers d'emplois;23463,1;15988;2634,6;2342,4;20504,6;11975,9;7151,2;323,8;292,2;542,8;8,6;297;182,4;1311,7;1377,5;3057,1;1266,5;917;791,2;731;317,2;3748,3;7151,2;1147,7
2018T3;Emploi salarie (personnes physiques) : milliers d'emplois;25246,7;17114,5;2730,2;2429,5;22161;12959,9;7776,8;355,4;300,7;572,5;8,8;305,1;187,6;1355,4;1424,3;3332,2;1337,9;1070,7;824,6;751,8;337,2;4009,2;7776,8;1296,4
2018T3;Emploi total (equivalent temps plein) : milliers d'emplois;26535,8;18033;2785,7;2485,2;22961,4;13493;7714,1;788,8;300,5;592,8;8,6;301,8;183,8;1398,3;1754,3;3524,5;1344,3;1128,4;871,7;767,9;362,9;4151,7;7714,1;1341,6
2018T3;Emploi total (personnes physiques) : milliers d'emplois;28171,3;19068,6;2877,1;2568,6;24539,1;14445;8347,7;755,1;308,5;617,2;8,8;309,7;188,9;1444;1746,5;3785,6;1411,8;1261,3;894,4;788,2;383,3;4423,1;8347,7;1497,4
2018T3;Excedent brut d'exploitation :  valeurs aux prix courants  (donnees CVS-CJO), milliards d'euros;203,7;167,6;29,4;21,8;165,4;127,6;27,1;8,9;7,6;4,4;ns;2,7;4,2;10,2;10,6;17,4;6,9;5;11,1;5,5;56,6;21;27,1;4,1
2018T3;impots sur la main d'euvre :  valeurs aux prix courants  (donnees CVS-CJO), milliards d'euros;9,3;6,8;1;0,9;8,2;5,3;2,4;0;0,1;0,2;0;0,1;0,1;0,5;0,5;1;0,4;0,2;0,4;1,3;0,1;1,5;2,4;0,3
2018T3;impots sur la production :  valeurs aux prix courants  (donnees CVS-CJO), milliards d'euros;27,5;23,9;3,7;2,9;23,4;19,1;3,3;0,4;0,9;0,6;0,1;0,4;0,3;1,5;1,1;2,7;1,6;0,6;1;2,6;7,4;2,8;3,3;0,5
2018T3;Masse salariale versee :  valeurs aux prix courants  (donnees CVS-CJO), milliards d'euros;226,3;164,3;29,2;26;195,4;120,4;60,3;1,7;3,2;4,9;0,1;3,5;2,8;14,6;14,7;27,6;11,2;7,9;12,3;9,7;3,2;39,5;60,3;9
2018T3;Production branche :  valeurs aux prix courants  (donnees CVS-CJO), milliards d'euros;1053,6;875,8;243,8;200,5;786,9;556,8;154,8;22,9;43,3;40,1;10,8;21,5;36,4;91,6;75,3;111,1;54,4;28,9;53,6;57,7;81,7;143,8;154,8;25,5
2018T3;Production branche :  volumes aux prix de l'annee precedente chaines (donnees CVS-CJO), base 2014, milliards d'euros;1031,4;859,3;239,6;199;770,4;547,4;150,7;21,4;40,5;40,6;11,9;21,3;34;90,4;72,3;111,2;52,2;26,9;53,6;58;80,4;140;150,7;25,1
2018T3;Remunerations  :  valeurs aux prix courants  (donnees CVS-CJO), milliards d'euros;308,7;218,3;40,8;35,6;265,3;159;87,9;2,5;5,3;6,5;0,2;4,9;4;20,1;18,5;35,8;15,5;9,5;16,8;13,9;4,2;51,7;87,9;11,7
2018T3;Subventions d'exploitations :  valeurs aux prix courants  (donnees CVS-CJO), milliards d'euros;-12,3;-8,8;-1,1;-0,9;-9,1;-7,1;-1,4;-2,1;-0,2;-0,2;0;-0,1;-0,1;-0,5;-0,6;-1,4;-0,8;-0,3;-0,5;-0,4;-0,4;-1,9;-1,4;-1,3
2018T3;Valeur ajoutee brute des branches :  valeurs aux prix courants  (donnees CVS-CJO), milliards d'euros;527,6;401;72,9;59,4;445;298,6;116,8;9,7;13,5;11,2;ns;7,8;8,4;31,3;29,6;54,4;23,2;14,7;28,3;21,7;67,7;73,5;116,8;15
2018T3;Valeur ajoutee brute des branches :  volumes aux prix de l'annee precedente chaines (donnees CVS-CJO), base 2014, milliards d'euros;512,1;390,4;70,8;58,5;433,1;291,6;113,5;8,3;12,2;11,3;0,8;7,7;7,7;31,1;28;55;21,6;13,3;28,6;23,6;63,6;71,2;113,5;14,9
2018T3;Volume horaire de travail (VHT) de l'ensemble des emplois (salaries ou non) : millions d'heures;10644,3;7459,7;1125,7;1008,3;9100,8;5583,1;2766,7;417,9;117,4;241,7;3,2;121,9;73,6;567,9;750,9;1468,1;540,2;513,2;368,5;308,8;147,7;1717,2;2766,7;519,4
2018T3;Volume horaire de travail (VHT) des salaries : millions d'heures;8914,4;6318,4;1035,4;922,6;7761,4;4726,1;2478,4;117,6;112,8;208,3;3,2;119,1;72,9;519,2;556,9;1212,3;496,1;378,6;326,7;290;124,8;1508,8;2478,4;388,8
2018T4;Autres impots divers sur la production :  valeurs aux prix courants  (donnees CVS-CJO), milliards d'euros;18,2;17;2,7;2;15,1;13,7;0,8;0,4;0,7;0,4;0,1;0,2;0,2;1;0,6;1,7;1,2;0,3;0,6;1,3;7,1;1,3;0,8;0,2
2018T4;Consommation intermediaire des branches :  valeurs aux prix courants  (donnees CVS-CJO), milliards d'euros;528,7;477,5;170,9;141,1;344,8;260,5;38,3;12,9;29,8;29;ns;13,8;28,6;60,3;46,1;56,9;30,9;14,4;25,7;36,5;14;71,3;38,3;10,7
2018T4;Consommation intermediaire des branches :  volumes aux prix de l'annee precedente chaines (donnees CVS-CJO), base 2014, milliards d'euros;523,2;472,4;169,4;140,9;340,6;258,4;37,6;13,2;28,5;29,4;10,6;13,8;26,8;59,3;44,6;56,4;30,7;13,7;25,5;34,8;17,1;69,8;37,6;10,4
2018T4;Cotisations sociales employeurs versees :  valeurs aux prix courants  (donnees CVS-CJO), milliards d'euros;68;50,4;10,3;8,7;57;36,4;16,8;0,8;1,6;1,5;0,1;1,2;1;4,9;3,7;7,8;3,7;1,5;4,3;3,8;1;11,7;16,8;2,6
2018T4;Cotisations sociales imputees :  valeurs aux prix courants  (donnees CVS-CJO), milliards d'euros;14,5;3,8;1,4;0,8;13,2;2,3;10,8;0;0,5;0,1;0;0,1;0,1;0,5;0,1;0,4;0,6;0;0,2;0,2;0;0,7;10,8;0,1
2018T4;Duree effective de travail des salaries : heures par trimestre par emploi;353,9;370;380;380,7;351,1;365,4;319,6;328,8;373,3;364,2;362,7;392;389,4;384,1;392,1;364;373,1;355,1;395,5;385,5;370,6;377,1;319,6;300,6
2018T4;Duree effective de travail totale (y compris non salaries) : heures par trimestre par emploi;378,6;391,9;391,7;393,2;371,8;387,2;332,5;551,1;378,7;391,2;362,7;395,2;390,8;394,2;431,1;388,1;385,2;408,8;411,2;391,6;385,3;388,9;332,5;347,5
2018T4;Emploi non salarie (equivalent temps plein) : milliers d'emplois;3097,6;2068,5;151,5;143,1;2483,6;1537,9;566,6;462,5;8,3;50,1;0;4,8;1,4;86,8;379,1;473,1;79,2;214,3;82;37,2;46,2;409,8;566,6;196,2
2018T4;Emploi non salarie (personnes physiques) : milliers d'emplois;2952,5;1978,9;147,9;140,1;2406,7;1507,1;575,7;397,9;7,9;44,9;0;4,6;1,3;89,3;324;458,4;75,6;192,8;71,2;36,9;46,7;421;575,7;204,4
2018T4;Emploi salarie (equivalent temps plein) : milliers d'emplois;23513,2;16034,9;2657,6;2362,8;20531,6;11991,2;7154,3;324,1;294,7;549,8;8,6;298,6;183,1;1322,8;1386,1;3063,6;1272,3;916,4;795,4;732;318,3;3751,2;7154,3;1142,1
2018T4;Emploi salarie (personnes physiques) : milliers d'emplois;25291,1;17154,9;2753,1;2449,8;22180,7;12967,6;7778,9;357,4;303,2;579,8;8,8;306,9;188,4;1366;1434,2;3337;1344,9;1068,8;829;752,8;337,8;4007,7;7778,9;1289,6
2018T4;Emploi total (equivalent temps plein) : milliers d'emplois;26610,8;18103,3;2809;2506;23015,2;13529,1;7720,9;786,5;303,1;599,9;8,6;303,5;184,5;1409,6;1765,2;3536,7;1351,4;1130,7;877,4;769,2;364,4;4161;7720,9;1338,3
2018T4;Emploi total (personnes physiques) : milliers d'emplois;28243,6;19133,8;2901;2589,9;24587,4;14474,7;8354,6;755,3;311,1;624,7;8,8;311,5;189,7;1455,3;1758,1;3795,4;1420,5;1261,7;900,2;789,7;384,6;4428,7;8354,6;1494
2018T4;Excedent brut d'exploitation :  valeurs aux prix courants  (donnees CVS-CJO), milliards d'euros;206,5;170,1;30,1;22,2;167,3;129,2;27,3;9,2;7,8;4,5;ns;2,8;4,3;10,4;10,8;17,6;7,2;5,6;10,7;6;57,2;20,5;27,3;4,4
2018T4;impots sur la main d'euvre :  valeurs aux prix courants  (donnees CVS-CJO), milliards d'euros;9,5;7,1;1,1;1;8,5;5,5;2,5;0;0,1;0,2;0;0,1;0,1;0,5;0,5;1;0,4;0,2;0,4;1,4;0,1;1,6;2,5;0,3
2018T4;impots sur la production :  valeurs aux prix courants  (donnees CVS-CJO), milliards d'euros;27,7;24,1;3,8;2,9;23,5;19,1;3,3;0,4;0,9;0,6;0,1;0,4;0,3;1,6;1,1;2,7;1,6;0,6;1;2,6;7,2;2,9;3,3;0,5
2018T4;Masse salariale versee :  valeurs aux prix courants  (donnees CVS-CJO), milliards d'euros;227,9;165,6;29,4;26,2;196,7;121,5;60,5;1,8;3,2;5;0,1;3,5;2,9;14,7;14,7;27,8;11,4;7,8;12,5;9,5;3,2;40,3;60,5;9,1
2018T4;Production branche :  valeurs aux prix courants  (donnees CVS-CJO), milliards d'euros;1061,2;882,6;244,8;201,2;793,4;561,9;155,6;23;43,6;40,4;9,9;21,8;37,2;91,9;76;111,8;54,6;29,6;54;58,2;82,3;145,4;155,6;26
2018T4;Production branche :  volumes aux prix de l'annee precedente chaines (donnees CVS-CJO), base 2014, milliards d'euros;1038,4;865,7;240,5;199,9;776,4;552,3;151,3;21,4;40,6;40,7;11,6;21,6;34,5;90,6;72,9;111,4;52,4;27,5;54,5;58,4;80,9;141,7;151,3;25,5
2018T4;Remunerations  :  valeurs aux prix courants  (donnees CVS-CJO), milliards d'euros;310,5;219,8;41,1;35,7;266,9;160,2;88,1;2,6;5,3;6,5;0,2;4,9;4;20,1;18,6;36;15,7;9,4;17;13,5;4,2;52,6;88,1;11,8
2018T4;Subventions d'exploitations :  valeurs aux prix courants  (donnees CVS-CJO), milliards d'euros;-12,2;-8,8;-1,1;-0,9;-9,1;-7,1;-1,4;-2,1;-0,2;-0,2;0;-0,1;-0,1;-0,5;-0,6;-1,4;-0,9;-0,3;-0,5;-0,4;-0,4;-1,9;-1,4;-1,3
2018T4;Valeur ajoutee brute des branches :  valeurs aux prix courants  (donnees CVS-CJO), milliards d'euros;532,5;405,1;73,9;60,1;448,6;301,4;117,3;10;13,8;11,4;ns;8;8,6;31,7;29,9;54,9;23,6;15,3;28,2;21,7;68,2;74,1;117,3;15,3
2018T4;Valeur ajoutee brute des branches :  volumes aux prix de l'annee precedente chaines (donnees CVS-CJO), base 2014, milliards d'euros;515,5;393,5;71,3;59;436;294;113,8;8,2;12,3;11,3;0,8;7,8;7,7;31,4;28,3;54,9;21,8;13,7;28,9;23,8;63,9;71,9;113,8;15,1
2018T4;Volume horaire de travail (VHT) de l'ensemble des emplois (salaries ou non) : millions d'heures;10693,2;7499,1;1136,3;1018,5;9140,7;5604,9;2777,9;416,3;117,8;244,4;3,2;123,1;74,2;573,7;757,9;1473;547,2;515,8;370,2;309,2;148,2;1722,3;2777,9;519,1
2018T4;Volume horaire de travail (VHT) des salaries : millions d'heures;8950,3;6346,4;1045,9;932,7;7786,9;4738,3;2486,4;117,5;113,2;211,1;3,2;120,3;73,4;524,7;562,3;1214,7;501,8;379,6;327,9;290,2;125,2;1511,3;2486,4;387,7
2019T1;Autres impots divers sur la production :  valeurs aux prix courants  (donnees CVS-CJO), milliards d'euros;18,6;17,4;2,8;2;15,4;14;0,8;0,4;0,8;0,4;0,1;0,2;0,3;1;0,6;1,7;1,2;0,3;0,6;1,3;7,3;1,4;0,8;0,2
2019T1;Consommation intermediaire des branches :  valeurs aux prix courants  (donnees CVS-CJO), milliards d'euros;531,6;480,7;170,8;141,9;348,2;263,5;38,4;12,5;28,9;29,1;ns;14;29,6;59,8;46,4;57,6;31;14,4;26;37,2;14,1;72,4;38,4;10,8
2019T1;Consommation intermediaire des branches :  volumes aux prix de l'annee precedente chaines (donnees CVS-CJO), base 2014, milliards d'euros;528;477;170,9;142,4;343,8;261,3;37,7;13,3;28,4;29,5;11,2;14;27,6;59,3;44,8;57,1;30,8;13,8;25,7;35,3;17,3;70,9;37,7;10,5
2019T1;Cotisations sociales employeurs versees :  valeurs aux prix courants  (donnees CVS-CJO), milliards d'euros;63,2;45,8;9,3;7,9;53,2;33,1;16,7;0,7;1,4;1,3;0,1;1,1;0,9;4,5;3,4;6,9;3,3;1,4;4;3,5;0,9;10,4;16,7;2,5
2019T1;Cotisations sociales imputees :  valeurs aux prix courants  (donnees CVS-CJO), milliards d'euros;14,5;3,8;1,4;0,8;13,2;2,3;10,8;0;0,5;0,1;0;0,1;0,1;0,5;0,1;0,4;0,6;0;0,2;0,3;0;0,6;10,8;0,1
2019T1;Duree effective de travail des salaries : heures par trimestre par emploi;354,3;370,6;380,9;381,6;351,4;365,6;319,6;327,2;374,7;365,2;366,1;393;390,7;384,9;395,4;363,6;373,9;356,9;393,9;385,5;372,8;377,6;319,6;300,9
2019T1;Duree effective de travail totale (y compris non salaries) : heures par trimestre par emploi;379,1;392,6;392,3;393,7;372,3;387,5;332,6;549,1;380,1;391;366,1;396,1;392,1;394,8;434,8;387,9;386,1;411,3;409,5;391,7;387,1;389,2;332,6;348
2019T1;Emploi non salarie (equivalent temps plein) : milliers d'emplois;3127,6;2097,9;152,2;143,8;2515,6;1563,7;569,9;459,8;8,4;50,1;0;4,9;1,4;87,5;382;481;80,5;218,6;83,6;37,6;46,7;416,7;569,9;199,1
2019T1;Emploi non salarie (personnes physiques) : milliers d'emplois;2988;2010,7;149,4;141,4;2442,3;1534,9;581;396,4;7,9;45,3;0;4,6;1,4;90,2;326,4;466,1;77,3;196,2;72,8;37,5;47,5;429,3;581;208,4
2019T1;Emploi salarie (equivalent temps plein) : milliers d'emplois;23597,5;16104,9;2690,5;2392,9;20583,9;12016,9;7169,5;323,1;297,6;562,9;8,6;299,8;184,1;1337,5;1397,5;3075,5;1280,4;918,4;794,9;732;319,1;3749,2;7169,5;1147,3
2019T1;Emploi salarie (personnes physiques) : milliers d'emplois;25375,9;17230,9;2787;2481;22231,1;12995,5;7787,2;357,8;305,9;594;8,8;308,3;189,5;1380,5;1448,4;3349,9;1354,9;1069,8;829,2;753,1;338,3;4003,4;7787,2;1297,1
2019T1;Emploi total (equivalent temps plein) : milliers d'emplois;26725,1;18202,8;2842,7;2536,7;23099,5;13580,6;7739,5;782,8;306;613;8,6;304,7;185,5;1425;1779,5;3556,5;1360,9;1136,9;878,6;769,6;365,8;4165,9;7739,5;1346,4
2019T1;Emploi total (personnes physiques) : milliers d'emplois;28363,9;19241,5;2936,3;2622,5;24673,3;14530,4;8368,1;754,2;313,9;639,3;8,8;312,9;190,8;1470,7;1774,8;3815,9;1432,2;1265,9;901,9;790,6;385,8;4432,6;8368,1;1505,4
2019T1;Excedent brut d'exploitation :  valeurs aux prix courants  (donnees CVS-CJO), milliards d'euros;212,9;175,8;32,1;23,8;171,3;132,5;27,6;9,4;8,3;4,7;ns;3,1;4,6;11,2;11,2;18,7;8,2;5,6;10,6;5,4;57,8;21,4;27,6;4,7
2019T1;impots sur la main d'euvre :  valeurs aux prix courants  (donnees CVS-CJO), milliards d'euros;10,8;8,3;1,4;1,2;9,4;6,3;2,5;0;0,2;0,2;0;0,2;0,1;0,7;0,6;1,3;0,5;0,3;0,6;1,3;0,1;1,9;2,5;0,3
2019T1;impots sur la production :  valeurs aux prix courants  (donnees CVS-CJO), milliards d'euros;29,4;25,7;4,1;3,2;24,9;20,3;3,3;0,4;0,9;0,6;0,1;0,4;0,4;1,7;1,3;3;1,7;0,7;1,1;2,6;7,4;3,3;3,3;0,5
2019T1;Masse salariale versee :  valeurs aux prix courants  (donnees CVS-CJO), milliards d'euros;231,3;168,6;29,9;26,6;199,6;123,5;60,9;1,8;3,3;5;0,1;3,6;2,9;15;15,2;28;11,4;8,4;12,7;10;3,2;40,7;60,9;9,2
2019T1;Production branche :  valeurs aux prix courants  (donnees CVS-CJO), milliards d'euros;1070,4;891,4;246,5;203,4;801;567,8;156,2;22,8;43,1;40,7;9,9;22,2;38,4;92,2;77;113,4;55,3;30,2;54,1;58,5;83;146,9;156,2;26,4
2019T1;Production branche :  volumes aux prix de l'annee precedente chaines (donnees CVS-CJO), base 2014, milliards d'euros;1046,8;873,9;242,5;202;782,9;557,9;151,6;21,5;40,4;40,9;12,1;21,9;35,3;91;73,4;112,5;53,1;28;54,7;59,1;81,4;143,4;151,6;25,7
2019T1;Remunerations  :  valeurs aux prix courants  (donnees CVS-CJO), milliards d'euros;309;218,1;40,6;35,4;265,9;158,8;88,3;2,5;5,2;6,4;0,2;4,8;4;20;18,8;35,3;15,3;9,8;16,9;13,7;4,1;51,7;88,3;11,8
2019T1;Subventions d'exploitations :  valeurs aux prix courants  (donnees CVS-CJO), milliards d'euros;-12,5;-9;-1,1;-0,9;-9,3;-7,3;-1,4;-2,1;-0,2;-0,2;0;-0,1;-0,1;-0,5;-0,6;-1,3;-1;-0,3;-0,6;-0,3;-0,4;-2;-1,4;-1,4
2019T1;Valeur ajoutee brute des branches :  valeurs aux prix courants  (donnees CVS-CJO), milliards d'euros;538,7;410,7;75,7;61,5;452,8;304,4;117,8;10,3;14,2;11,6;ns;8,2;8,8;32,4;30,6;55,8;24,3;15,8;28,1;21,4;68,9;74,4;117,8;15,6
2019T1;Valeur ajoutee brute des branches :  volumes aux prix de l'annee precedente chaines (donnees CVS-CJO), base 2014, milliards d'euros;519,1;397,1;71,8;59,6;439,2;296,7;113,9;8,1;12,2;11,3;0,8;8;7,7;31,8;28,6;55,3;22,4;14,2;28,9;23,8;64,3;72,5;113,9;15,2
2019T1;Volume horaire de travail (VHT) de l'ensemble des emplois (salaries ou non) : millions d'heures;10751,6;7554,7;1151,9;1032,6;9185,6;5631,2;2782,8;414,1;119,3;249,9;3,2;124;74,8;580,7;771,6;1480,1;553;520,6;369,3;309,6;149,4;1725,3;2782,8;523,9
2019T1;Volume horaire de travail (VHT) des salaries : millions d'heures;8991;6385,3;1061,3;946,6;7812,7;4751,4;2488,6;117,1;114,6;217;3,2;121,2;74;531,3;572,6;1217,9;506,6;381,7;326,6;290,3;126,1;1511,8;2488,6;390,3
2019T2;Autres impots divers sur la production :  valeurs aux prix courants  (donnees CVS-CJO), milliards d'euros;18,7;17,5;2,8;2,1;15,5;14,1;0,8;0,4;0,8;0,4;0,1;0,2;0,3;1,1;0,6;1,8;1,2;0,3;0,6;1,3;7,3;1,4;0,8;0,2
2019T2;Consommation intermediaire des branches :  valeurs aux prix courants  (donnees CVS-CJO), milliards d'euros;539,1;487,4;172,2;143;354;268,2;38,7;13;29,2;29,5;ns;14,1;30;60;47,1;58,1;31,6;14,5;26,7;37,9;14,2;74,3;38,7;10,9
2019T2;Consommation intermediaire des branches :  volumes aux prix de l'annee precedente chaines (donnees CVS-CJO), base 2014, milliards d'euros;532,3;481;171,3;142,4;347,5;264,4;37,9;13,4;28,9;29,7;10,7;14;27,8;59,2;45,2;57,2;31;13,9;26,3;35,9;17,4;72,1;37,9;10,6
2019T2;Cotisations sociales employeurs versees :  valeurs aux prix courants  (donnees CVS-CJO), milliards d'euros;63,3;45,8;9,3;7,9;53,4;33,2;16,8;0,7;1,4;1,3;0,1;1,1;0,9;4,4;3,3;6,9;3,3;1,4;4,1;3,5;0,9;10,6;16,8;2,5
2019T2;Cotisations sociales imputees :  valeurs aux prix courants  (donnees CVS-CJO), milliards d'euros;14,6;3,8;1,4;0,8;13,2;2,3;10,8;0;0,5;0,1;0;0,1;0,1;0,5;0,1;0,4;0,6;0;0,2;0,3;0;0,7;10,8;0,1
2019T2;Duree effective de travail des salaries : heures par trimestre par emploi;354,6;370,7;380,6;381,2;351,8;366;320,1;325,6;375;365,1;370,1;393,4;390,2;384,3;394,2;364,8;373,9;357,6;393,4;385,6;373,6;377,4;320,1;301,7
2019T2;Duree effective de travail totale (y compris non salaries) : heures par trimestre par emploi;379,3;392,7;391,7;393,1;372,7;387,9;333,1;546,5;380,4;389,8;370,1;396,5;391,6;394,1;433,5;389,3;386,3;412,1;408,8;391,8;387,5;388,8;333,1;348,6
2019T2;Emploi non salarie (equivalent temps plein) : milliers d'emplois;3146,4;2115,5;152,7;144,2;2536,6;1578,8;573,7;457,1;8,5;50;0;4,9;1,4;87,9;384,1;484,8;81,9;220,8;84,5;38;47,2;421;573,7;200,6
2019T2;Emploi non salarie (personnes physiques) : milliers d'emplois;3012;2030,8;150,5;142,5;2466,8;1552,1;586,5;394,7;8;45,5;0;4,6;1,4;91;328,1;469,6;79;197,7;73,7;38,1;48,2;434,8;586,5;211
2019T2;Emploi salarie (equivalent temps plein) : milliers d'emplois;23682,5;16179,4;2713,4;2414,1;20645,6;12056,8;7179,6;323,4;299,3;573;8,6;300,6;184,7;1347,2;1409,2;3089,1;1286;926,7;795;731,5;319,9;3759,6;7179,6;1149
2019T2;Emploi salarie (personnes physiques) : milliers d'emplois;25454,3;17302,3;2810,1;2502,5;22284,9;13030,6;7792,7;359,3;307,6;604,8;8,8;309,2;190,2;1389,6;1461,7;3362,9;1361,7;1076,7;829,3;752,8;338,8;4010,8;7792,7;1297,6
2019T2;Emploi total (equivalent temps plein) : milliers d'emplois;26828,8;18294,9;2866,1;2558,2;23182,2;13635,6;7753,4;780,5;307,8;623;8,6;305,5;186,1;1435,1;1793,3;3573,9;1367,9;1147,5;879,5;769,5;367,2;4180,5;7753,4;1349,6
2019T2;Emploi total (personnes physiques) : milliers d'emplois;28466,3;19333,1;2960,6;2645;24751,7;14582,7;8379,2;754;315,6;650,3;8,8;313,8;191,6;1480,6;1789,8;3832,5;1440,8;1274,4;903;790,8;387;4445,6;8379,2;1508,7
2019T2;Excedent brut d'exploitation :  valeurs aux prix courants  (donnees CVS-CJO), milliards d'euros;215,6;178,8;32;24;174,6;134,8;27,8;9;8,1;4,6;ns;3,1;4,4;11,4;11,9;18,8;8,7;6;11;4,9;58,3;22,3;27,8;4,8
2019T2;impots sur la main d'euvre :  valeurs aux prix courants  (donnees CVS-CJO), milliards d'euros;11,1;8,6;1,4;1,2;9,8;6,6;2,5;0;0,2;0,2;0;0,2;0,1;0,7;0,6;1,3;0,6;0,3;0,6;1,3;0,2;2;2,5;0,3
2019T2;impots sur la production :  valeurs aux prix courants  (donnees CVS-CJO), milliards d'euros;29,9;26,1;4,2;3,3;25,3;20,6;3,4;0,4;0,9;0,7;0,1;0,4;0,4;1,8;1,3;3,1;1,8;0,7;1,2;2,6;7,5;3,4;3,4;0,6
2019T2;Masse salariale versee :  valeurs aux prix courants  (donnees CVS-CJO), milliards d'euros;232,1;169,1;29,8;26,5;200,5;124,2;61,2;1,9;3,3;5,1;0,1;3,6;2,9;14,9;15,1;28,2;11,5;8,2;12,9;9,9;3,2;41,1;61,2;9,1
2019T2;Production branche :  valeurs aux prix courants  (donnees CVS-CJO), milliards d'euros;1081,9;901,9;247,7;204,6;811,4;576;157,2;22,8;43,1;41;10,1;22,3;38,6;92,5;78,3;114,1;56,5;30,6;55,4;58,8;83,7;150,2;157,2;26,7
2019T2;Production branche :  volumes aux prix de l'annee precedente chaines (donnees CVS-CJO), base 2014, milliards d'euros;1054;880,6;243,3;202,3;789,2;563,1;152;21,5;41;41,1;11,5;22,1;35,4;91,3;74,1;112,6;53,8;28,2;55,7;59,7;81,9;145,3;152;25,9
2019T2;Remunerations  :  valeurs aux prix courants  (donnees CVS-CJO), milliards d'euros;310;218,7;40,4;35,2;267;159,7;88,7;2,6;5,2;6,4;0,2;4,8;4;19,8;18,6;35,5;15,5;9,7;17,2;13,7;4,1;52,4;88,7;11,8
2019T2;Subventions d'exploitations :  valeurs aux prix courants  (donnees CVS-CJO), milliards d'euros;-12,6;-9,1;-1,1;-0,9;-9,4;-7,4;-1,4;-2,1;-0,2;-0,2;0;-0,1;-0,1;-0,5;-0,6;-1,3;-1;-0,3;-0,6;-0,3;-0,5;-2,1;-1,4;-1,4
2019T2;Valeur ajoutee brute des branches :  valeurs aux prix courants  (donnees CVS-CJO), milliards d'euros;542,9;414,5;75,5;61,6;457,5;307,8;118,5;9,8;13,9;11,5;ns;8,2;8,6;32,5;31,2;56,1;24,9;16,1;28,7;20,9;69,5;75,9;118,5;15,8
2019T2;Valeur ajoutee brute des branches :  volumes aux prix de l'annee precedente chaines (donnees CVS-CJO), base 2014, milliards d'euros;522;399,9;72,2;60;441,9;298,8;114,1;8,1;12,2;11,4;0,7;8,1;7,6;32,1;28,9;55,4;22,9;14,3;29,4;23,9;64,7;73,2;114,1;15,3
2019T2;Volume horaire de travail (VHT) de l'ensemble des emplois (salaries ou non) : millions d'heures;10796;7592,8;1159,7;1039,7;9224,2;5657,1;2791,1;412,1;120;253,5;3,2;124,4;75;583,5;776;1491,9;556,5;525,2;369,2;309,8;150;1728,5;2791,1;526
2019T2;Volume horaire de travail (VHT) des salaries : millions d'heures;9025,7;6414,7;1069,2;953,9;7839,5;4769,2;2494,1;117;115,3;220,8;3,2;121,6;74,2;534;576,2;1226,9;509,1;385;326,2;290,3;126,6;1513,8;2494,1;391,4
2019T3;Autres impots divers sur la production :  valeurs aux prix courants  (donnees CVS-CJO), milliards d'euros;18,9;17,7;2,8;2,1;15,7;14,2;0,8;0,4;0,8;0,4;0,1;0,2;0,3;1,1;0,6;1,8;1,2;0,3;0,6;1,3;7,4;1,4;0,8;0,2
2019T3;Consommation intermediaire des branches :  valeurs aux prix courants  (donnees CVS-CJO), milliards d'euros;539,6;486,7;169,3;140,7;356,6;270,1;39,2;13,8;28,6;29,6;ns;14;29,5;59,3;47,3;58;31,6;14,7;27,3;38,4;14,4;74,8;39,2;11
2019T3;Consommation intermediaire des branches :  volumes aux prix de l'annee precedente chaines (donnees CVS-CJO), base 2014, milliards d'euros;532,1;480,5;169;140,5;349,6;266;38,3;13,4;28,5;29,7;10,1;13,9;27,1;58,7;45,4;57,1;31,1;14,1;26,9;36,3;17,6;72,4;38,3;10,6
2019T3;Cotisations sociales employeurs versees :  valeurs aux prix courants  (donnees CVS-CJO), milliards d'euros;63,3;45,8;9,2;7,8;53,4;33,2;16,8;0,7;1,4;1,3;0,1;1,1;0,9;4,4;3,4;6,9;3,3;1,4;4,1;3,4;0,9;10,6;16,8;2,5
2019T3;Cotisations sociales imputees :  valeurs aux prix courants  (donnees CVS-CJO), milliards d'euros;14,6;3,8;1,4;0,8;13,2;2,3;10,8;0;0,5;0,1;0;0,1;0,1;0,5;0,1;0,4;0,6;0;0,2;0,3;0;0,7;10,8;0,1
2019T3;Duree effective de travail des salaries : heures par trimestre par emploi;355,4;371,7;380,8;381,4;352,7;367,1;320,4;325,1;374,9;365,3;370,9;393,6;388,3;384,9;396;367,3;373,3;356,8;393,8;386,9;374,5;377,9;320,4;304
2019T3;Duree effective de travail totale (y compris non salaries) : heures par trimestre par emploi;380;393,7;391,8;393,1;373,6;389;333,5;545,4;380,3;389,5;370,9;396,7;389,7;394,6;435,5;391,9;385,6;411,4;409,1;393,1;388,2;389,2;333,5;351,1
2019T3;Emploi non salarie (equivalent temps plein) : milliers d'emplois;3153,9;2121,4;152,8;144,2;2546,6;1583,2;578;454,5;8,6;49,8;0;4,8;1,4;88,2;385,4;484,3;83,4;221,1;84,7;38,4;47,7;422,7;578;201
2019T3;Emploi non salarie (personnes physiques) : milliers d'emplois;3024,7;2039,3;151,4;143,3;2480,3;1558,7;592,4;393;8,1;45,7;0;4,6;1,4;91,6;329,2;468,9;81;197,4;74;38,6;49;437,6;592,4;212,3
2019T3;Emploi salarie (equivalent temps plein) : milliers d'emplois;23751,5;16243,3;2726,8;2426,6;20700;12096,9;7183,5;324,6;300,2;579,4;8,6;301;185,3;1352,3;1419,6;3100,2;1290,3;931,3;799,2;730,6;320,5;3775,7;7183,5;1149
2019T3;Emploi salarie (personnes physiques) : milliers d'emplois;25511,1;17355,6;2822,8;2514,4;22327,2;13060,7;7794,4;361,1;308,4;611,5;8,8;309,6;190,8;1393,7;1472,1;3371;1366,8;1080,1;833;751,6;338,9;4024,4;7794,4;1294,9
2019T3;Emploi total (equivalent temps plein) : milliers d'emplois;26905,3;18364,7;2879,6;2570,8;23246,6;13680,1;7761,5;779,1;308,8;629,2;8,6;305,8;186,7;1440,5;1805;3584,5;1373,8;1152,4;883,8;769;368,2;4198,5;7761,5;1350
2019T3;Emploi total (personnes physiques) : milliers d'emplois;28535,8;19394,8;2974,1;2657,7;24807,5;14619,4;8386,8;754,1;316,5;657,1;8,8;314,2;192,2;1485,4;1801,3;3839,9;1447,7;1277,5;907;790,2;387,9;4461,9;8386,8;1507,2
2019T3;Excedent brut d'exploitation :  valeurs aux prix courants  (donnees CVS-CJO), milliards d'euros;216;180,2;31,6;23,2;176,4;136,8;27,8;8;8,5;4,7;ns;3,1;4,1;11,1;11,8;19;9;6;11,5;4,8;58,5;23,1;27,8;4,8
2019T3;impots sur la main d'euvre :  valeurs aux prix courants  (donnees CVS-CJO), milliards d'euros;11,3;8,7;1,4;1,2;9,9;6,6;2,6;0;0,2;0,2;0;0,2;0,1;0,7;0,7;1,3;0,6;0,3;0,6;1,3;0,2;2;2,6;0,3
2019T3;impots sur la production :  valeurs aux prix courants  (donnees CVS-CJO), milliards d'euros;30,2;26,4;4,2;3,3;25,6;20,9;3,4;0,4;0,9;0,7;0,1;0,4;0,4;1,8;1,3;3,1;1,8;0,7;1,2;2,6;7,6;3,4;3,4;0,6
2019T3;Masse salariale versee :  valeurs aux prix courants  (donnees CVS-CJO), milliards d'euros;233,8;170,5;29,9;26,7;202;125,2;61,4;1,9;3,3;5,1;0,1;3,6;2,9;15;15,3;28,4;11,7;8,1;13,1;9,9;3,3;41,7;61,4;9,2
2019T3;Production branche :  valeurs aux prix courants  (donnees CVS-CJO), milliards d'euros;1084,6;903,9;244,5;201,6;817,4;580,8;158;22,7;42,9;41,2;8,8;22,2;37,8;91,6;78,6;114,4;56,9;30,6;56,8;59,1;84,1;152,1;158;26,8
2019T3;Production branche :  volumes aux prix de l'annee precedente chaines (donnees CVS-CJO), base 2014, milliards d'euros;1054,4;880,8;240,8;200,1;792,1;565,6;152,3;21,4;40,7;41,1;10,9;21,9;34,4;90,8;74,3;112,6;53,7;28,2;57;60;82,2;145,9;152,3;25,9
2019T3;Remunerations  :  valeurs aux prix courants  (donnees CVS-CJO), milliards d'euros;311,7;220,1;40,5;35,4;268,6;160,7;89;2,6;5,2;6,5;0,2;4,8;4;19,9;18,8;35,6;15,6;9,5;17,4;13,6;4,2;53;89;11,9
2019T3;Subventions d'exploitations :  valeurs aux prix courants  (donnees CVS-CJO), milliards d'euros;-13;-9,5;-1,2;-0,9;-9,7;-7,7;-1,4;-2,1;-0,2;-0,2;0;-0,1;-0,1;-0,5;-0,6;-1,4;-1,1;-0,3;-0,6;-0,3;-0,5;-2,1;-1,4;-1,4
2019T3;Valeur ajoutee brute des branches :  valeurs aux prix courants  (donnees CVS-CJO), milliards d'euros;545;417,2;75,2;60,9;460,8;310,7;118,8;8,9;14,3;11,6;ns;8,2;8,3;32,3;31,3;56,4;25,3;15,9;29,5;20,7;69,8;77,3;118,8;15,9
2019T3;Valeur ajoutee brute des branches :  volumes aux prix de l'annee precedente chaines (donnees CVS-CJO), base 2014, milliards d'euros;522,6;400,5;71,9;59,6;442,7;299,7;114,1;8;12,3;11,4;0,8;8;7,4;32;28,9;55,5;22,7;14,1;30;23,8;64,9;73,5;114,1;15,3
2019T3;Volume horaire de travail (VHT) de l'ensemble des emplois (salaries ou non) : millions d'heures;10844;7636,1;1165,1;1044,8;9267,5;5686,6;2796,5;411,3;120,3;255,9;3,3;124,7;74,9;586,1;784,4;1504,9;558,3;525,6;371,1;310,6;150,6;1736,4;2796,5;529,2
2019T3;Volume horaire de travail (VHT) des salaries : millions d'heures;9066;6451,6;1074,6;959;7874,1;4794;2497,1;117,4;115,6;223,4;3,3;121,9;74,1;536,4;583;1238,1;510,2;385,3;328;290,8;126,9;1520,9;2497,1;393,7
2019T4;Autres impots divers sur la production :  valeurs aux prix courants  (donnees CVS-CJO), milliards d'euros;19;17,7;2,8;2;15,8;14,3;0,8;0,4;0,8;0,4;0,1;0,2;0,3;1,1;0,6;1,8;1,2;0,3;0,6;1,4;7,5;1,4;0,8;0,2
2019T4;Consommation intermediaire des branches :  valeurs aux prix courants  (donnees CVS-CJO), milliards d'euros;536,8;482,5;165,9;137,7;356,3;269,4;39,7;14,6;28,2;29,9;ns;13,7;29;58,6;47,2;57,5;31,1;15,1;27,4;38,6;14,5;74,5;39,7;10,8
2019T4;Consommation intermediaire des branches :  volumes aux prix de l'annee precedente chaines (donnees CVS-CJO), base 2014, milliards d'euros;527,8;475,9;165,4;137,4;349,1;265,3;38,6;13,3;28;29,7;8,2;13,7;26,4;58,1;45,2;56,7;30,7;14,4;27,1;36,4;17,6;72;38,6;10,5
2019T4;Cotisations sociales employeurs versees :  valeurs aux prix courants  (donnees CVS-CJO), milliards d'euros;63;45,4;9,1;7,8;53,1;32,9;16,9;0,7;1,4;1,3;0,1;1,1;0,9;4,4;3,3;6,9;3,3;1,3;4,1;3,3;0,9;10,6;16,9;2,5
2019T4;Cotisations sociales imputees :  valeurs aux prix courants  (donnees CVS-CJO), milliards d'euros;14,6;3,8;1,4;0,9;13,3;2,3;10,8;0;0,5;0,1;0;0,1;0,1;0,5;0,1;0,4;0,6;0;0,2;0,3;0;0,7;10,8;0,1
2019T4;Duree effective de travail des salaries : heures par trimestre par emploi;354,9;371,1;380,6;381;352,1;366,4;319,9;324,8;376,7;364,9;371,7;392,4;385,4;385;394,8;366,9;370,9;352,2;394,8;388,3;374,1;378,1;319,9;302,9
2019T4;Duree effective de travail totale (y compris non salaries) : heures par trimestre par emploi;379,3;392,9;391,5;392,6;372,9;388,1;332,9;544,7;382,2;388,8;371,7;395,5;386,8;394,6;434,1;391,5;383,1;406,5;410;394,4;387,5;389,2;332,9;349,1
2019T4;Emploi non salarie (equivalent temps plein) : milliers d'emplois;3150,2;2115,6;152,6;144;2545,7;1576,9;582,8;451,9;8,6;49,5;0;4,8;1,4;88,3;386;479,5;85,1;219,3;84,1;38,7;48,2;422;582,8;200
2019T4;Emploi non salarie (personnes physiques) : milliers d'emplois;3025,9;2036,1;151,9;143,8;2482,8;1554,7;598,5;391,2;8,1;45,7;0;4,6;1,4;92,1;329,6;464;83;195,4;73,6;39,1;49,7;437,5;598,5;212,3
2019T4;Emploi salarie (equivalent temps plein) : milliers d'emplois;23827;16320,4;2731,1;2430,3;20772,7;12157,4;7183,4;323,2;300,8;583,1;8,6;301;185,4;1352,3;1431,9;3116,5;1295,1;938,1;805,4;730,1;321,4;3799,3;7183,4;1151,4
2019T4;Emploi salarie (personnes physiques) : milliers d'emplois;25590,2;17435,9;2827;2518,1;22403,8;13124,2;7794,9;359,4;308,9;615,5;8,8;309,6;190,9;1393,3;1484,7;3388,3;1371,7;1089,8;839,4;750,8;339,8;4049,3;7794,9;1295,1
2019T4;Emploi total (equivalent temps plein) : milliers d'emplois;26977,2;18436;2883,7;2574,3;23318,4;13734,3;7766,2;775,1;309,4;632,7;8,6;305,7;186,8;1440,6;1817,9;3596;1380,2;1157,5;889,5;768,8;369,7;4221,3;7766,2;1351,4
2019T4;Emploi total (personnes physiques) : milliers d'emplois;28616;19472;2978,9;2661,9;24886,5;14678,9;8393,4;750,6;317;661,2;8,8;314,2;192,3;1485,4;1814,2;3852,3;1454,8;1285,2;913,1;789,9;389,5;4486,8;8393,4;1507,4
2019T4;Excedent brut d'exploitation :  valeurs aux prix courants  (donnees CVS-CJO), milliards d'euros;214,9;180;30,9;22,5;176,7;137,5;27,6;7,3;8,4;4,6;ns;3;4,2;10,7;11,6;19,4;8,7;5,5;12,3;4,6;58,6;23,8;27,6;4,5
2019T4;impots sur la main d'euvre :  valeurs aux prix courants  (donnees CVS-CJO), milliards d'euros;11,4;8,8;1,4;1,3;10;6,7;2,6;0;0,2;0,2;0;0,2;0,1;0,7;0,7;1,4;0,6;0,3;0,6;1,3;0,2;2,1;2,6;0,3
2019T4;impots sur la production :  valeurs aux prix courants  (donnees CVS-CJO), milliards d'euros;30,3;26,5;4,2;3,3;25,7;21;3,4;0,4;0,9;0,7;0,1;0,4;0,4;1,8;1,3;3,1;1,8;0,7;1,2;2,7;7,6;3,4;3,4;0,6
2019T4;Masse salariale versee :  valeurs aux prix courants  (donnees CVS-CJO), milliards d'euros;234,6;171;30;26,7;202,7;125,6;61,7;1,9;3,3;5,1;0,1;3,6;2,9;15;15,4;28,7;11,7;8;13;9,7;3,3;42;61,7;9,3
2019T4;Production branche :  valeurs aux prix courants  (donnees CVS-CJO), milliards d'euros;1080,6;899,2;240,3;197,9;817,7;580,6;158,8;22,7;42,4;41,5;6,7;21,8;37,5;90,3;78,4;114,4;56,1;30,3;57,5;58,9;84,4;152,8;158,8;26,3
2019T4;Production branche :  volumes aux prix de l'annee precedente chaines (donnees CVS-CJO), base 2014, milliards d'euros;1047,6;873,9;236,5;196,4;789,7;563,6;152,5;21,3;40,1;41,2;9;21,5;33,6;89,8;73,7;112,4;52,4;27,7;57,5;60;82,3;145,7;152,5;25,6
2019T4;Remunerations  :  valeurs aux prix courants  (donnees CVS-CJO), milliards d'euros;312,2;220,3;40,5;35,3;269,1;160,9;89,4;2,6;5,2;6,5;0,2;4,8;4;19,8;18,9;35,9;15,6;9,4;17,3;13,3;4,2;53,3;89,4;11,9
2019T4;Subventions d'exploitations :  valeurs aux prix courants  (donnees CVS-CJO), milliards d'euros;-13,6;-10,1;-1,3;-1;-10,2;-8,2;-1,3;-2,1;-0,3;-0,2;0;-0,1;-0,1;-0,5;-0,7;-1,5;-1,2;-0,3;-0,6;-0,3;-0,5;-2,3;-1,3;-1,5
2019T4;Valeur ajoutee brute des branches :  valeurs aux prix courants  (donnees CVS-CJO), milliards d'euros;543,8;416,7;74,4;60,1;461,4;311,2;119;8,1;14,2;11,5;ns;8,1;8,5;31,7;31,1;56,9;25;15,3;30,1;20,3;69,9;78,3;119;15,5
2019T4;Valeur ajoutee brute des branches :  volumes aux prix de l'annee precedente chaines (donnees CVS-CJO), base 2014, milliards d'euros;520,1;398,2;71,2;59;440,9;298,4;113,9;8,1;12,3;11,4;0,8;7,8;7,2;31,7;28,5;55,6;21,9;13,4;30,4;23,7;64,9;73,6;113,9;15,2
2019T4;Volume horaire de travail (VHT) de l'ensemble des emplois (salaries ou non) : millions d'heures;10854;7650,9;1166,3;1045,1;9278,9;5697,1;2794,3;408,8;121,2;257,1;3,3;124,3;74,4;586,1;787,5;1508;557,3;522,5;374,4;311,5;150,9;1746,5;2794,3;526,2
2019T4;Volume horaire de travail (VHT) des salaries : millions d'heures;9081,1;6470,9;1075,8;959,4;7888,6;4809,1;2493,5;116,7;116,4;224,6;3,3;121,5;73,6;536,4;586,1;1243,1;508,7;383,8;331,4;291,5;127,1;1531,1;2493,5;392,2
2020T1;Autres impots divers sur la production :  valeurs aux prix courants  (donnees CVS-CJO), milliards d'euros;19;17,8;2,8;2;15,9;14,4;0,8;0,4;0,8;0,4;0,1;0,2;0,3;1;0,6;1,7;1,2;0,3;0,6;1,4;7,5;1,4;0,8;0,2
2020T1;Consommation intermediaire des branches :  valeurs aux prix courants  (donnees CVS-CJO), milliards d'euros;505,2;451,4;154;127;337,3;255,1;39,8;14;27;29,5;ns;12,7;24,8;54,6;42,4;52,8;28,5;13,1;26,8;38,1;14,4;71,8;39,8;9,7
2020T1;Consommation intermediaire des branches :  volumes aux prix de l'annee precedente chaines (donnees CVS-CJO), base 2014, milliards d'euros;498,9;447,1;154,7;127,6;330,9;251,7;38,7;13,1;27,1;29,5;7;12,7;22,6;54,7;40,6;52,4;28,2;12,4;26,6;35,8;17,4;69,6;38,7;9,4
2020T1;Cotisations sociales employeurs versees :  valeurs aux prix courants  (donnees CVS-CJO), milliards d'euros;61;43,6;8,9;7,5;51,5;31,5;16,8;0,7;1,4;1,3;0,1;1,1;0,9;4,2;3,1;6,5;3,2;1,3;4;3,2;0,9;10,1;16,8;2,4
2020T1;Cotisations sociales imputees :  valeurs aux prix courants  (donnees CVS-CJO), milliards d'euros;14,5;3,8;1,4;0,8;13,2;2,3;10,8;0;0,5;0,1;0;0,1;0,1;0,5;0,1;0,4;0,6;0;0,2;0,2;0;0,7;10,8;0,1
2020T1;Duree effective de travail des salaries : heures par trimestre par emploi;339,9;354,5;369;368,7;336,6;350,3;308,1;322,5;371,2;358,4;368,7;380,5;365,7;371;363,8;350,4;358,9;309,2;389,9;386;362,2;367;308,1;274,6
2020T1;Duree effective de travail totale (y compris non salaries) : heures par trimestre par emploi;363;374,5;379,7;380,1;355,7;370,3;320,6;540,2;376,6;382;368,7;383,5;367,1;380,3;399,7;373,6;370,5;361,2;404,8;392;375;378;320,6;312,7
2020T1;Emploi non salarie (equivalent temps plein) : milliers d'emplois;3135,4;2098;152,1;143,5;2533,9;1560;588;449,4;8,6;49,2;0;4,7;1,4;88,2;385,9;470,4;86,9;215,6;82,8;39;48,7;418,8;588;197,8
2020T1;Emploi non salarie (personnes physiques) : milliers d'emplois;3015,6;2021,4;152,1;143,9;2474,2;1540,1;605;389,3;8,2;45,6;0;4,5;1,4;92,5;329,2;455;85,3;191,6;72,6;39,5;50,4;434,7;605;211
2020T1;Emploi salarie (equivalent temps plein) : milliers d'emplois;23796,4;16312,1;2725;2424,1;20749,2;12147,7;7162,1;322,2;301;582,7;8,5;300,6;185,2;1347,1;1439,4;3126,8;1296;940,4;810,5;729,4;322,2;3768,5;7162,1;1153,8
2020T1;Emploi salarie (personnes physiques) : milliers d'emplois;25559,4;17426,8;2820,8;2511,7;22381;13114,3;7774,9;357,6;309;615;8,7;309,3;190,7;1388;1491,7;3400,5;1371,9;1095,2;844,8;750;340,9;4016,8;7774,9;1294,4
2020T1;Emploi total (equivalent temps plein) : milliers d'emplois;26931,7;18410,1;2877,2;2567,6;23283;13707,6;7750,1;771,5;309,6;631,9;8,5;305,3;186,6;1435,4;1825,3;3597,2;1382,9;1156;893,4;768,3;370,9;4187,3;7750,1;1351,7
2020T1;Emploi total (personnes physiques) : milliers d'emplois;28575;19448,2;2972,9;2655,7;24855,2;14654,4;8379,9;746,9;317,2;660,6;8,7;313,8;192;1480,5;1820,9;3855,5;1457,1;1286,7;917,4;789,5;391,3;4451,4;8379,9;1505,4
2020T1;Excedent brut d'exploitation :  valeurs aux prix courants  (donnees CVS-CJO), milliards d'euros;196,2;161,9;27,5;19,8;160,7;125,9;26,4;7,9;7,7;4,9;ns;2,6;3;9,2;8,5;16,8;6,9;3,3;11,7;3,8;57,7;21,1;26,4;4,7
2020T1;impots sur la main d'euvre :  valeurs aux prix courants  (donnees CVS-CJO), milliards d'euros;11,4;8,7;1,4;1,3;9,9;6,7;2,6;0;0,2;0,2;0;0,2;0,1;0,7;0,6;1,3;0,6;0,3;0,6;1,3;0,2;2;2,6;0,3
2020T1;impots sur la production :  valeurs aux prix courants  (donnees CVS-CJO), milliards d'euros;30,4;26,5;4,2;3,3;25,8;21,1;3,5;0,4;0,9;0,7;0,1;0,4;0,4;1,7;1,3;3,1;1,8;0,7;1,2;2,8;7,7;3,4;3,5;0,5
2020T1;Masse salariale versee :  valeurs aux prix courants  (donnees CVS-CJO), milliards d'euros;229;165,6;29,6;26,3;197,6;121,6;61,6;1,8;3,3;5,1;0,1;3,6;2,9;14,6;14,4;27,5;11,3;7,7;13;9,5;3,3;40,7;61,6;8,6
2020T1;Production branche :  valeurs aux prix courants  (donnees CVS-CJO), milliards d'euros;1024,9;844,6;224,4;183,7;777,9;550,7;157,7;22,6;40,7;41,3;5,7;20,3;32;84,4;69,5;106,2;51,4;25,2;56,5;57,6;83,4;146;157,7;24,4
2020T1;Production branche :  volumes aux prix de l'annee precedente chaines (donnees CVS-CJO), base 2014, milliards d'euros;989;820,6;222,2;183,1;745,6;533;147,3;21,2;39;40,8;7,8;20;28,9;84,6;65,4;104,3;47,5;23;56,4;58,3;81,2;139,6;147,3;23,1
2020T1;Remunerations  :  valeurs aux prix courants  (donnees CVS-CJO), milliards d'euros;304,6;212,9;39,9;34,7;262,3;155,4;89,2;2,5;5,2;6,5;0,2;4,8;4;19,3;17,7;34,4;15,1;9;17,3;13;4,2;51,4;89,2;11,1
2020T1;Subventions d'exploitations :  valeurs aux prix courants  (donnees CVS-CJO), milliards d'euros;-11,4;-8,2;-1,2;-1,1;-8,1;-6,7;-1,2;-2,1;-0,1;-0,2;0;-0,1;-0,1;-0,6;-0,3;-0,8;-0,8;-0,8;-0,5;0;-0,5;-1,7;-1,2;-1,6
2020T1;Valeur ajoutee brute des branches :  valeurs aux prix courants  (donnees CVS-CJO), milliards d'euros;519,7;393,2;70,4;56,7;440,6;295,6;117,9;8,7;13,7;11,8;ns;7,6;7,3;29,7;27,1;53,4;22,9;12,2;29,7;19,5;69;74,3;117,9;14,7
2020T1;Valeur ajoutee brute des branches :  volumes aux prix de l'annee precedente chaines (donnees CVS-CJO), base 2014, milliards d'euros;490,4;373,6;67,5;55,5;414,8;281,4;108,7;8,1;12;11,3;0,8;7,3;6,3;29,9;24,8;51,9;19,4;10,6;29,8;22,5;64;70;108,7;13,7
2020T1;Volume horaire de travail (VHT) de l'ensemble des emplois (salaries ou non) : millions d'heures;10373,2;7282,9;1128,9;1009,4;8840,8;5426,1;2686,8;403,5;119,5;252,3;3,2;120,3;70,5;563;727,9;1440,5;539,8;464,8;371,4;309,5;146,8;1682,7;2686,8;470,7
2020T1;Volume horaire de travail (VHT) des salaries : millions d'heures;8688,3;6177,5;1040,7;926;7532,2;4594,2;2395,4;115,3;114,7;220,4;3,2;117,7;69,7;514,9;542,7;1191,4;492,3;338,7;329,4;289,5;123,4;1474,1;2395,4;355,4
2020T2;Autres impots divers sur la production :  valeurs aux prix courants  (donnees CVS-CJO), milliards d'euros;19,1;17,8;2,7;2;15,9;14,5;0,9;0,4;0,7;0,4;0,1;0,2;0,3;1;0,6;1,7;1,2;0,3;0,6;1,5;7,6;1,4;0,9;0,2
2020T2;Consommation intermediaire des branches :  valeurs aux prix courants  (donnees CVS-CJO), milliards d'euros;427,7;379,4;122,8;99,2;292,3;222,4;35,7;12,6;23,6;27;ns;10,2;13,3;43,6;34,2;46;22,2;7,1;25,4;36,7;14,2;64,5;35,7;6,3
2020T2;Consommation intermediaire des branches :  volumes aux prix de l'annee precedente chaines (donnees CVS-CJO), base 2014, milliards d'euros;426,7;379,4;126,5;102,1;287,2;219,9;34,4;12,9;24,4;27,2;7,3;10,4;12,2;44,9;32,9;45,8;22,1;6,7;25,4;34,4;17,2;62,9;34,4;6
2020T2;Cotisations sociales employeurs versees :  valeurs aux prix courants  (donnees CVS-CJO), milliards d'euros;54,4;37;8;6,7;45,8;26,4;16,7;0,6;1,3;1,2;0,1;0,9;0,8;3,7;2,7;5,5;2,7;0,4;3,7;3,1;0,8;8;16,7;2,1
2020T2;Cotisations sociales imputees :  valeurs aux prix courants  (donnees CVS-CJO), milliards d'euros;14,1;3,3;1,3;0,8;12,8;1,9;10,8;0;0,5;0,1;0;0,1;0,1;0,4;0,1;0,3;0,6;0;0,2;0,2;0;0,5;10,8;0,1
2020T2;Duree effective de travail des salaries : heures par trimestre par emploi;283;286;301,8;297,3;280,1;281,7;275,1;309,6;338,5;314,9;349,5;301,9;206,2;300,8;292,7;281,2;291,5;111,1;343,7;361,5;321,7;316,4;275,1;205,6
2020T2;Duree effective de travail totale (y compris non salaries) : heures par trimestre par emploi;302,5;301,1;311,8;308;294,7;296,3;286,3;518,9;343,4;335,7;349,5;304,6;207,2;309,4;321,2;299,4;300,5;156;356,9;367;333,3;327,5;286,3;223,5
2020T2;Emploi non salarie (equivalent temps plein) : milliers d'emplois;3123,9;2085,2;151,6;143;2524,8;1547,7;591,3;447,5;8,7;48,9;0;4,6;1,4;88,1;385,8;464,2;88;213,2;81,9;39,1;48,9;416,4;591,3;196,1
2020T2;Emploi non salarie (personnes physiques) : milliers d'emplois;3008,6;2011,2;152,3;144,1;2468,3;1530;609,4;388;8,2;45,6;0;4,5;1,4;92,7;329;448,8;86,8;188,9;71,9;39,8;51;432,7;609,4;210
2020T2;Emploi salarie (equivalent temps plein) : milliers d'emplois;23110,1;15674,5;2695,5;2396,7;20095,3;11558,1;7116,3;319,3;298,9;573,4;8,5;298;184,6;1332,3;1420,9;3074;1271,1;850,5;794,8;724,4;318,1;3421,4;7116,3;1103,8
2020T2;Emploi salarie (personnes physiques) : milliers d'emplois;24809,6;16729,3;2789,4;2482,5;21666,4;12468,1;7726,4;353,9;306,8;604,8;8,7;306,6;190;1372,4;1471,9;3343,9;1345,1;989,5;828,2;744,7;336,3;3653;7726,4;1227,5
2020T2;Emploi total (equivalent temps plein) : milliers d'emplois;26234;17759,7;2847,1;2539,6;22620,1;13105,9;7707,6;766,8;307,5;622,3;8,5;302,6;186;1420,3;1806,7;3538,3;1359,1;1063,7;876,7;763,5;367;3837,7;7707,6;1299,9
2020T2;Emploi total (personnes physiques) : milliers d'emplois;27818,2;18740,5;2941,6;2626,6;24134,7;13998;8335,8;741,9;315;650,4;8,7;311;191,4;1465,1;1800,9;3792,7;1431,9;1178,4;900,1;784,6;387,2;4085,7;8335,8;1437,5
2020T2;Excedent brut d'exploitation :  valeurs aux prix courants  (donnees CVS-CJO), milliards d'euros;182,2;146,3;19,8;12,9;153,2;121,4;26,7;9,2;6,9;4,3;ns;1,9;0,6;6,4;5,1;15,6;4,3;3,7;11,3;1,9;56,6;21,7;26,7;6,3
2020T2;impots sur la main d'euvre :  valeurs aux prix courants  (donnees CVS-CJO), milliards d'euros;10,5;8;1,4;1,3;9,1;6;2,5;0;0,2;0,3;0;0,2;0,1;0,7;0,6;1,3;0,6;0,1;0,6;1,2;0,2;1,8;2,5;0,2
2020T2;impots sur la production :  valeurs aux prix courants  (donnees CVS-CJO), milliards d'euros;29,6;25,9;4,1;3,2;25,1;20,5;3,4;0,4;0,9;0,7;0,1;0,4;0,4;1,7;1,2;3;1,7;0,5;1,2;2,7;7,8;3,2;3,4;0,5
2020T2;Masse salariale versee :  valeurs aux prix courants  (donnees CVS-CJO), milliards d'euros;203,8;140,1;26,7;23,5;175,4;100,8;61,9;1,8;3,2;5;0,1;3,2;2,3;12,9;12,7;23,5;9,9;3,1;11,8;9,6;2,9;33,4;61,9;6,6
2020T2;Production branche :  valeurs aux prix courants  (donnees CVS-CJO), milliards d'euros;897,1;720,9;181,3;145,1;693,4;484;153,9;22,4;36,2;38;5,2;16,5;17,4;68;55,6;92,6;40,3;13,4;53;54,2;81,5;129,2;153,9;19,7
2020T2;Production branche :  volumes aux prix de l'annee precedente chaines (donnees CVS-CJO), base 2014, milliards d'euros;851,4;699;181,9;146,8;648,2;464,6;131,3;21;34,9;37,6;8,2;16,2;15,7;69,3;52,4;91,5;36,4;12,1;53,6;54,7;79,3;123,3;131,3;14,9
2020T2;Remunerations  :  valeurs aux prix courants  (donnees CVS-CJO), milliards d'euros;272,4;180,5;35,9;30,9;234;129,1;89,4;2,4;5;6,3;0,2;4,2;3,2;17;15,5;29,3;13,2;3,5;15,8;13;3,7;41,9;89,4;8,7
2020T2;Subventions d'exploitations :  valeurs aux prix courants  (donnees CVS-CJO), milliards d'euros;-14,7;-11,2;-1,4;-1,2;-11,1;-9,3;-1,3;-2,2;-0,2;-0,3;0;-0,2;-0,1;-0,7;-0,5;-1,3;-1,1;-1,5;-0,6;0;-0,7;-2,1;-1,3;-2
2020T2;Valeur ajoutee brute des branches :  valeurs aux prix courants  (donnees CVS-CJO), milliards d'euros;469,4;341,5;58,5;45,9;401,1;261,6;118,2;9,8;12,7;11;ns;6,3;4;24,4;21,4;46,6;18,1;6,2;27,7;17,6;67,3;64,7;118,2;13,4
2020T2;Valeur ajoutee brute des branches :  volumes aux prix de l'annee precedente chaines (donnees CVS-CJO), base 2014, milliards d'euros;424,8;319,7;55,5;44,8;361,2;244,9;96,9;8,1;10,6;10,4;1;5,9;3,5;24,4;19,5;45,7;14,5;5,4;28,2;20,1;62,4;60,5;96,9;8,9
2020T2;Volume horaire de travail (VHT) de l'ensemble des emplois (salaries ou non) : millions d'heures;8414,6;5642,9;917,1;809;7112,5;4147,3;2386,7;385;108,2;218,3;3;94,7;39,6;453,2;578,4;1135,7;430,3;183,8;321,3;288;129,1;1337,9;2386,7;321,3
2020T2;Volume horaire de travail (VHT) des salaries : millions d'heures;7020;4785,1;841,9;738;6068,6;3512,4;2125,3;109,6;103,9;190,5;3;92,6;39,2;412,8;430,9;940,3;392,1;110;284,7;269,2;108,2;1155,6;2125,3;252,4
2020T3;Autres impots divers sur la production :  valeurs aux prix courants  (donnees CVS-CJO), milliards d'euros;19,1;17,9;2,7;2;16;14,6;0,9;0,4;0,7;0,4;0,1;0,2;0,3;1;0,6;1,7;1,2;0,3;0,6;1,5;7,6;1,4;0,9;0,2
2020T3;Consommation intermediaire des branches :  valeurs aux prix courants  (donnees CVS-CJO), milliards d'euros;507,7;453,5;151,8;125,1;342,8;255,9;41,2;13,1;26,7;29,7;ns;12,8;23,2;54,5;45,8;55,2;27,5;13,3;26,6;38,5;14,5;71;41,2;9,2
2020T3;Consommation intermediaire des branches :  volumes aux prix de l'annee precedente chaines (donnees CVS-CJO), base 2014, milliards d'euros;504,8;452,1;154,4;127,1;337,5;253,7;39,9;12,8;27,3;29,7;6,9;12,9;21,1;55,5;43,8;55,4;27,3;12,6;26,8;36,3;17,6;69;39,9;8,9
2020T3;Cotisations sociales employeurs versees :  valeurs aux prix courants  (donnees CVS-CJO), milliards d'euros;63,5;45,7;9,4;7,9;53,5;32,8;17,2;0,7;1,4;1,3;0,1;1,1;0,9;4,5;3,5;7,2;3,3;1,2;4,2;3,3;0,9;10,3;17,2;2,5
2020T3;Cotisations sociales imputees :  valeurs aux prix courants  (donnees CVS-CJO), milliards d'euros;14,6;3,8;1,4;0,8;13,3;2,3;10,8;0;0,5;0,1;0;0,1;0,1;0,5;0,1;0,4;0,6;0;0,2;0,2;0,1;0,7;10,8;0,1
2020T3;Duree effective de travail des salaries : heures par trimestre par emploi;344,7;358,4;365,8;364,7;342,4;352,7;315,6;324,1;374,3;358,2;365,9;369,8;335,7;370,3;393,3;360,6;356,2;297,5;381,6;388;366,8;365,4;315,6;288,5
2020T3;Duree effective de travail totale (y compris non salaries) : heures par trimestre par emploi;368,4;379,3;376,6;376,2;362,2;373;328,3;542,1;379,7;381,8;365,9;372,7;337;379,5;432,4;384,6;367,4;352,3;396;393,8;379,4;376,5;328,3;327,5
2020T3;Emploi non salarie (equivalent temps plein) : milliers d'emplois;3115,9;2077,1;151;142,4;2518,6;1540,2;592,6;446,2;8,7;48,6;0;4,6;1,4;87,8;385,9;460,9;88,3;212;81,3;39,2;49;414,8;592,6;194,7
2020T3;Emploi non salarie (personnes physiques) : milliers d'emplois;3004,7;2005,6;152,3;144,1;2465,1;1524,4;611,9;387,3;8,2;45,5;0;4,4;1,4;92,8;328,9;445,3;87,7;187,5;71,6;40;51,2;431,6;611,9;209,5
2020T3;Emploi salarie (equivalent temps plein) : milliers d'emplois;23471;15989,5;2688,7;2389,3;20465,1;11847,8;7164,4;317,2;299,5;575,1;8,5;297,2;181,8;1326,8;1453;3081,9;1273,4;870,2;807,4;723,2;319,7;3657,2;7164,4;1114,7
2020T3;Emploi salarie (personnes physiques) : milliers d'emplois;25193,5;17060,7;2782,1;2474,7;22060,3;12773,9;7781,6;351,2;307,4;606,6;8,7;305,9;187;1366,7;1504,7;3351,7;1347,4;1012,1;841,3;743,4;338;3900,8;7781,6;1239,2
2020T3;Emploi total (equivalent temps plein) : milliers d'emplois;26586,9;18066,6;2839,8;2531,6;22983,7;13387,9;7756,9;763,4;308,2;623,7;8,5;301,7;183,2;1414,6;1838,9;3542,8;1361,7;1082,3;888,8;762,4;368,7;4072;7756,9;1309,4
2020T3;Emploi total (personnes physiques) : milliers d'emplois;28198,2;19066,3;2934,4;2618,8;24525,4;14298,3;8393,5;738,4;315,6;652,1;8,7;310,3;188,3;1459,5;1833,6;3797,1;1435,1;1199,6;912,8;783,4;389,3;4332,4;8393,5;1448,7
2020T3;Excedent brut d'exploitation :  valeurs aux prix courants  (donnees CVS-CJO), milliards d'euros;203,1;167;27,4;19,2;167,2;130,5;27,6;8,5;8,2;4,5;ns;2,8;2,2;9,9;9;19,1;6,6;3;12,4;3,6;58,2;23,1;27,6;4,4
2020T3;impots sur la main d'euvre :  valeurs aux prix courants  (donnees CVS-CJO), milliards d'euros;11,5;8,8;1,4;1,3;10,1;6,7;2,7;0;0,2;0,2;0;0,2;0,1;0,7;0,7;1,4;0,6;0,3;0,6;1,3;0,2;2;2,7;0,3
2020T3;impots sur la production :  valeurs aux prix courants  (donnees CVS-CJO), milliards d'euros;30,6;26,7;4,2;3,2;26,1;21,2;3,5;0,4;0,9;0,7;0,1;0,4;0,4;1,7;1,3;3,1;1,8;0,6;1,2;2,8;7,8;3,4;3,5;0,5
2020T3;Masse salariale versee :  valeurs aux prix courants  (donnees CVS-CJO), milliards d'euros;231,6;167,2;29,5;26,2;200,2;122;62,5;1,8;3,3;5,2;0,1;3,5;2,7;14,7;15,7;29;11;6,9;12,9;9,6;3,3;40,2;62,5;9
2020T3;Production branche :  valeurs aux prix courants  (donnees CVS-CJO), milliards d'euros;1038,5;854,6;222,2;181,2;794;557,4;161,6;22,3;41;41,2;4,8;20,6;29,4;85,1;75;113,1;49,8;24,5;57;58,2;84,2;146,7;161,6;24
2020T3;Production branche :  volumes aux prix de l'annee precedente chaines (donnees CVS-CJO), base 2014, milliards d'euros;1007,3;831,3;222;182,4;764,3;539,1;155,1;20,9;39,5;41;7,9;20,3;26,8;85,6;70,1;111;45,2;22,3;57,1;59,5;81,7;140,8;155,1;22,1
2020T3;Remunerations  :  valeurs aux prix courants  (donnees CVS-CJO), milliards d'euros;309,7;216,7;40,2;34,9;267;157,2;90,5;2,5;5,3;6,6;0,2;4,8;3,7;19,6;19,3;36,6;14,9;8,1;17,3;13,2;4,3;51,2;90,5;11,6
2020T3;Subventions d'exploitations :  valeurs aux prix courants  (donnees CVS-CJO), milliards d'euros;-12,7;-9,3;-1,4;-1,2;-9,1;-7,4;-1,2;-2,2;-0,2;-0,3;0;-0,2;-0,1;-0,7;-0,4;-1;-1;-0,6;-0,5;0;-0,6;-2;-1,2;-1,7
2020T3;Valeur ajoutee brute des branches :  valeurs aux prix courants  (donnees CVS-CJO), milliards d'euros;530,8;401,1;70,4;56,1;451,2;301,5;120,5;9,2;14,3;11,5;ns;7,8;6,2;30,6;29,2;57,8;22,3;11,2;30,4;19,7;69,6;75,8;120,5;14,8
2020T3;Valeur ajoutee brute des branches :  volumes aux prix de l'annee precedente chaines (donnees CVS-CJO), base 2014, milliards d'euros;502,6;379,4;67,7;55,3;426,9;285,5;115,2;8,1;12,3;11,3;1;7,3;5,7;30,2;26,3;55,6;18,1;9,8;30,4;23,2;64,4;71,8;115,2;13,1
2020T3;Volume horaire de travail (VHT) de l'ensemble des emplois (salaries ou non) : millions d'heures;10387,4;7231,2;1104,9;985,1;8882,1;5333,3;2755,9;400,3;119,8;249;3,2;115,6;63,5;553,9;792,9;1460,2;527,2;422,6;361,5;308,5;147,7;1631,2;2755,9;474,4
2020T3;Volume horaire de travail (VHT) des salaries : millions d'heures;8685,1;6115;1017,5;902,4;7553,8;4505,7;2456,2;113,8;115;217,3;3,2;113,1;62,8;506,1;591,9;1208,6;479,9;301,1;321;288,4;124;1425,1;2456,2;357,5
2020T4;Autres impots divers sur la production :  valeurs aux prix courants  (donnees CVS-CJO), milliards d'euros;19,1;17,9;2,7;2;16;14,5;0,9;0,4;0,8;0,4;0,1;0,2;0,3;1;0,6;1,7;1,2;0,3;0,6;1,5;7,6;1,4;0,9;0,2
2020T4;Consommation intermediaire des branches :  valeurs aux prix courants  (donnees CVS-CJO), milliards d'euros;504;449,2;153,3;126;337,8;250,6;41,9;12,9;27,2;28,8;ns;13,1;24;55,7;45,3;54,1;26;9,4;27,4;38,9;14,8;72,2;41,9;7,9
2020T4;Consommation intermediaire des branches :  volumes aux prix de l'annee precedente chaines (donnees CVS-CJO), base 2014, milliards d'euros;502,3;449;156,4;128,7;333,1;249,2;40,6;12,6;27,7;29,1;6,7;13,3;21,7;56,7;43,3;54,5;26;8,8;27,6;36,6;17,9;70,4;40,6;7,6
2020T4;Cotisations sociales employeurs versees :  valeurs aux prix courants  (donnees CVS-CJO), milliards d'euros;63,3;45,3;9,4;8;53,2;32,4;17,3;0,7;1,4;1,3;0,1;1,1;0,9;4,5;3,5;6,9;3,3;0,8;4,2;3,3;0,9;10,5;17,3;2,4
2020T4;Cotisations sociales imputees :  valeurs aux prix courants  (donnees CVS-CJO), milliards d'euros;14,7;3,8;1,4;0,8;13,3;2,3;10,8;0;0,6;0,1;0;0,1;0,1;0,5;0,1;0,4;0,6;0;0,2;0,2;0,1;0,7;10,8;0,1
2020T4;Duree effective de travail des salaries : heures par trimestre par emploi;334,7;344,7;365,7;364,5;331;334,6;313,1;323,2;374,3;352,4;366,7;373;347,3;370,4;392,2;344,1;354,7;177,6;383,1;386;352,7;363,3;313,1;255
2020T4;Duree effective de travail totale (y compris non salaries) : heures par trimestre par emploi;356,8;363,4;376,2;375,8;349;352,2;325,6;539,6;379,7;375,5;366,7;376;348,6;379,5;431,1;366,8;365,7;225,5;397,5;391,7;364,7;374,2;325,6;284,9
2020T4;Emploi non salarie (equivalent temps plein) : milliers d'emplois;3111,3;2073,8;150,4;141,7;2515,3;1537,4;591,9;445,7;8,7;48,3;0;4,6;1,4;87,4;386;460,5;88;212,2;81,1;39;48,8;414;591,9;193,8
2020T4;Emploi non salarie (personnes physiques) : milliers d'emplois;3004;2004,5;152,4;144,2;2464,5;1523,4;612,3;387,1;8,2;45,5;0;4,4;1,4;92,9;328,8;444,7;87,8;187,2;71,5;40;51,3;431,4;612,3;209,4
2020T4;Emploi salarie (equivalent temps plein) : milliers d'emplois;23586,5;16093,7;2673,8;2375,1;20590,8;11957,3;7170,9;321,9;298,8;576,5;8,5;293,5;179;1317,6;1462,6;3107,4;1283;870,4;808,9;721,3;319,5;3732,5;7170,9;1114,3
2020T4;Emploi salarie (personnes physiques) : milliers d'emplois;25318,6;17171,3;2766,5;2459,9;22196,1;12890,5;7791,3;356,1;306,6;608,1;8,7;302,2;184;1356,8;1514,4;3378,7;1357,6;1013,4;842,7;741,1;337,7;3979,5;7791,3;1239,8
2020T4;Emploi total (equivalent temps plein) : milliers d'emplois;26697,8;18167,5;2824,2;2516,8;23106;13494,7;7762,8;767,5;307,5;624,8;8,5;298,1;180,4;1405,1;1848,6;3567,9;1371;1082,6;890;760,4;368,3;4146,5;7762,8;1308,1
2020T4;Emploi total (personnes physiques) : milliers d'emplois;28322,6;19175,8;2918,8;2604;24660,6;14413,8;8403,6;743,3;314,8;653,7;8,7;306,6;185,4;1449,7;1843,2;3823,4;1445,4;1200,6;914,2;781,2;389;4410,9;8403,6;1449,2
2020T4;Excedent brut d'exploitation :  valeurs aux prix courants  (donnees CVS-CJO), milliards d'euros;216,2;177,2;29,5;20,5;178,1;138,7;30,4;8,6;9;4,6;ns;3;2,6;10,9;9;20,9;6,7;5,2;13,3;3,8;59,1;23,7;30,4;6
2020T4;impots sur la main d'euvre :  valeurs aux prix courants  (donnees CVS-CJO), milliards d'euros;11,2;8,5;1,4;1,2;9,8;6,4;2,6;0;0,2;0,2;0;0,2;0,1;0,7;0,7;1,3;0,5;0,2;0,6;1,3;0,2;2;2,6;0,3
2020T4;impots sur la production :  valeurs aux prix courants  (donnees CVS-CJO), milliards d'euros;30,3;26,4;4,1;3,2;25,8;21;3,5;0,4;0,9;0,7;0,1;0,4;0,4;1,7;1,3;3,1;1,8;0,5;1,2;2,8;7,7;3,4;3,5;0,5
2020T4;Masse salariale versee :  valeurs aux prix courants  (donnees CVS-CJO), milliards d'euros;230;164,4;29,6;26,2;198,5;119;63,7;1,9;3,3;5,2;0,1;3,5;2,8;14,7;15,8;27,9;11;4,5;13,1;9,7;3,3;41;63,7;8,6
2020T4;Production branche :  valeurs aux prix courants  (donnees CVS-CJO), milliards d'euros;1036,2;848,4;225,5;183,2;788,6;548,8;165,7;22,1;42,3;40,4;4;21,1;30,7;87,1;74,2;110,9;47,6;17,2;58,6;58,7;84,9;148,3;165,7;22,4
2020T4;Production branche :  volumes aux prix de l'annee precedente chaines (donnees CVS-CJO), base 2014, milliards d'euros;997,6;822,7;225;184,6;751,9;528,6;154,3;20,6;40,2;40,1;7,7;20,8;27,6;87,4;69;109,1;43;15,7;58,8;60;82,1;142,2;154,3;19
2020T4;Remunerations  :  valeurs aux prix courants  (donnees CVS-CJO), milliards d'euros;308;213,5;40,4;35;265,1;153,7;91,9;2,6;5,3;6,6;0,2;4,8;3,8;19,6;19,5;35,2;14,9;5,2;17,5;13,3;4,2;52,2;91,9;11,1
2020T4;Subventions d'exploitations :  valeurs aux prix courants  (donnees CVS-CJO), milliards d'euros;-22,3;-17,9;-1,8;-1,6;-18,1;-15,2;-2;-2,4;-0,2;-0,3;0;-0,2;-0,2;-0,8;-0,9;-2,4;-1,7;-3;-0,8;-0,1;-0,9;-3,2;-2;-3,1
2020T4;Valeur ajoutee brute des branches :  valeurs aux prix courants  (donnees CVS-CJO), milliards d'euros;532,2;399,2;72,2;57,1;450,9;298,2;123,8;9,1;15,1;11,6;ns;8;6,6;31,4;28,8;56,8;21,6;7,9;31,3;19,8;70,2;76,2;123,8;14,5
2020T4;Valeur ajoutee brute des branches :  volumes aux prix de l'annee precedente chaines (donnees CVS-CJO), base 2014, milliards d'euros;495,6;373,9;68,6;56;419;279,6;113,7;8;12,6;11,1;1;7,5;5,9;30,7;25,8;54,6;17,1;6,9;31,1;23,3;64,5;71,8;113,7;11,3
2020T4;Volume horaire de travail (VHT) de l'ensemble des emplois (salaries ou non) : millions d'heures;10106,6;6969,1;1098,2;978,6;8607,4;5076,4;2736,5;401,1;119,5;245,4;3,2;115,3;64,6;550,1;794,6;1402,5;528,6;270,7;363,4;306;141,9;1650,6;2736,5;412,9
2020T4;Volume horaire de travail (VHT) des salaries : millions d'heures;8473,3;5918,9;1011,4;896,6;7346,8;4313,6;2439,3;115,1;114,8;214,3;3,2;112,7;63,9;502,5;593,9;1162,5;481,5;180;322,8;286,1;119,1;1445,6;2439,3;316,1
2021T1;Autres impots divers sur la production :  valeurs aux prix courants  (donnees CVS-CJO), milliards d'euros;16,5;15,3;2,1;1,5;14;12,7;0,8;0,4;0,6;0,3;0;0,2;0,2;0,8;0,5;1,3;0,9;0,3;0,4;1,3;7,3;1;0,8;0,2
2021T1;Consommation intermediaire des branches :  valeurs aux prix courants  (donnees CVS-CJO), milliards d'euros;509,8;454,9;156,3;127,4;340,7;252,5;42,1;12,8;28,9;29,7;ns;13,6;22,5;57,8;46,2;54,7;26,9;8,1;27,9;39,4;14,8;72,7;42,1;8,1
2021T1;Consommation intermediaire des branches :  volumes aux prix de l'annee precedente chaines (donnees CVS-CJO), base 2014, milliards d'euros;502,3;449,1;155,5;127,7;334,2;250;40,7;12,5;27,8;29,6;5,7;13,6;20,2;57,1;43,5;54,8;26,5;7,5;28,1;37;18;70,8;40,7;7,7
2021T1;Cotisations sociales employeurs versees :  valeurs aux prix courants  (donnees CVS-CJO), milliards d'euros;63,7;45,5;9,4;8;53,5;32,6;17,4;0,7;1,5;1,3;0,1;1,1;0,9;4,5;3,5;7,1;3,3;0,7;4,3;3,4;0,9;10,6;17,4;2,4
2021T1;Cotisations sociales imputees :  valeurs aux prix courants  (donnees CVS-CJO), milliards d'euros;14,8;3,9;1,4;0,8;13,4;2,3;10,9;0;0,6;0,1;0;0,1;0,1;0,5;0,1;0,4;0,6;0;0,2;0,2;0,1;0,7;10,9;0,1
2021T1;Duree effective de travail des salaries : heures par trimestre par emploi;335,8;346,1;369;368;331,9;335,4;313,8;324;376,3;352,9;366,9;376,5;359,9;374,1;394,3;350,2;354,1;147;385,4;386,6;363,8;365,2;313,8;254,8
2021T1;Duree effective de travail totale (y compris non salaries) : heures par trimestre par emploi;357,9;364,6;379,5;379,2;349,8;352,7;326,3;539,8;381,7;375,8;366,9;379,5;361,2;383,1;433,3;373,5;365;194,5;399,9;392,2;375,8;376,1;326,3;284
2021T1;Emploi non salarie (equivalent temps plein) : milliers d'emplois;3110,3;2075,3;149,7;141,1;2514,8;1539,3;589,2;445,7;8,7;48,1;0;4,6;1,4;87;386,3;462,9;87;213,8;81,3;38,8;48,4;414;589,2;193,2
2021T1;Emploi non salarie (personnes physiques) : milliers d'emplois;3006,4;2008,1;152,3;144,1;2466,5;1526,9;610,8;387,6;8,2;45,5;0;4,4;1,4;92,8;328,9;446,9;87,3;188,1;71,7;39,9;51,1;432,1;610,8;209,7
2021T1;Emploi salarie (equivalent temps plein) : milliers d'emplois;23544,7;16048,5;2675;2375;20542,2;11901,3;7168,7;327,5;300,1;578,3;8,4;294,1;178,5;1315,8;1472,2;3100,1;1280,5;838,9;799,3;726,3;319,1;3732,5;7168,7;1104,7
2021T1;Emploi salarie (personnes physiques) : milliers d'emplois;25269;17117,7;2767,5;2459,7;22139,2;12825,9;7789;362,3;307,8;610,2;8,6;302,8;183,5;1354,7;1524,3;3370,4;1355;977,3;832,5;746,2;337,2;3977,7;7789;1229,7
2021T1;Emploi total (equivalent temps plein) : milliers d'emplois;26655;18123,8;2824,7;2516;23057;13440,6;7757,9;773,2;308,7;626,4;8,4;298,6;179,9;1402,8;1858,5;3563;1367,5;1052,6;880,5;765;367,5;4146,5;7757,9;1297,9
2021T1;Emploi total (personnes physiques) : milliers d'emplois;28275,4;19125,8;2919,8;2603,8;24605,7;14352,8;8399,7;749,9;316;655,7;8,6;307,2;184,9;1447,5;1853,2;3817,2;1442,3;1165,5;904,2;786,1;388,3;4409,8;8399,7;1439,4
2021T1;Excedent brut d'exploitation :  valeurs aux prix courants  (donnees CVS-CJO), milliards d'euros;218,4;178,5;30,7;21,5;179,2;138,7;31,4;8,5;9,1;4,9;ns;3,1;2,3;11,4;9,1;21,1;7,5;4,2;14;3,8;59,7;22,3;31,4;6,1
2021T1;impots sur la main d'euvre :  valeurs aux prix courants  (donnees CVS-CJO), milliards d'euros;11,3;8,6;1,4;1,2;9,9;6,5;2,7;0;0,2;0,2;0;0,2;0,1;0,7;0,7;1,4;0,5;0,2;0,6;1,4;0,2;2;2,7;0,3
2021T1;impots sur la production :  valeurs aux prix courants  (donnees CVS-CJO), milliards d'euros;27,7;23,9;3,5;2,7;23,9;19,2;3,5;0,4;0,7;0,6;0;0,3;0,3;1,5;1,2;2,7;1,5;0,4;1;2,6;7,5;3,1;3,5;0,5
2021T1;Masse salariale versee :  valeurs aux prix courants  (donnees CVS-CJO), milliards d'euros;231,1;165,1;29,6;26,3;199,6;119,5;64,2;1,9;3,4;5,2;0,1;3,5;2,8;14,7;15,9;28,5;11;3,9;13,1;9,8;3,4;41,2;64,2;8,5
2021T1;Production branche :  valeurs aux prix courants  (donnees CVS-CJO), milliards d'euros;1044,1;854,8;229;185,1;793,1;550,6;167,3;22;43,9;41,4;3,9;21,6;28,7;89,4;75,2;112,3;49,1;14,8;59,8;59,1;85,4;147,4;167,3;22,7
2021T1;Production branche :  volumes aux prix de l'annee precedente chaines (donnees CVS-CJO), base 2014, milliards d'euros;997,3;821,6;224,2;183,9;752,7;528,1;155,1;20,4;40,1;40,9;6,5;21,3;25,7;88,2;69,3;109,1;44;13,5;59,6;60,5;82,2;141,9;155,1;18,8
2021T1;Remunerations  :  valeurs aux prix courants  (donnees CVS-CJO), milliards d'euros;309,6;214,5;40,5;35,1;266,5;154,4;92,5;2,6;5,4;6,6;0,2;4,8;3,8;19,6;19,6;36;14,9;4,6;17,6;13,4;4,4;52,5;92,5;11
2021T1;Subventions d'exploitations :  valeurs aux prix courants  (donnees CVS-CJO), milliards d'euros;-21,5;-17;-1,8;-1,6;-17,2;-14,3;-2;-2,4;-0,2;-0,3;0;-0,2;-0,2;-0,9;-0,9;-2,2;-1,7;-2,5;-0,8;0;-0,9;-3,2;-2;-3
2021T1;Valeur ajoutee brute des branches :  valeurs aux prix courants  (donnees CVS-CJO), milliards d'euros;534,2;399,9;72,8;57,7;452,4;298,1;125,3;9,1;15;11,7;ns;8,1;6,2;31,6;29;57,6;22,2;6,8;31,9;19,8;70,6;74,7;125,3;14,6
2021T1;Valeur ajoutee brute des branches :  volumes aux prix de l'annee precedente chaines (donnees CVS-CJO), base 2014, milliards d'euros;495,3;372,8;68,8;56,3;418,7;278,2;114,5;7,9;12,4;11,3;1,6;7,7;5,5;31,1;25,9;54,3;17,6;6;31,6;23,4;64,6;71;114,5;11,1
2021T1;Volume horaire de travail (VHT) de l'ensemble des emplois (salaries ou non) : millions d'heures;10119,1;6973,1;1108,1;987,5;8606,2;5062;2741,2;404,8;120,6;246,4;3,1;116,6;66,8;554,5;803;1425,7;526,4;226,7;361,6;308,4;145,9;1658,5;2741,2;408,8
2021T1;Volume horaire de travail (VHT) des salaries : millions d'heures;8485,5;5924;1021;905,2;7347,1;4302;2444,2;117,4;115,8;215,3;3,1;114;66;506,7;601;1180,4;479,8;143,7;320,9;288,5;122,6;1452,8;2444,2;313,3
